epoch,stats_g/mean,stats_g/std,stats_o/mean,stats_o/std,test/episode,test/mean_Q,test/success_rate,train/episode,train/success_rate
0,0.8487699,0.09722519,0.20370431,0.037593734,10.0,-2.220998,0.0,50.0,0.02
1,0.84786034,0.091858745,0.20456967,0.04063494,20.0,-4.146393,0.0,100.0,0.06
2,0.84524274,0.09658066,0.2043044,0.041666817,30.0,-6.0230937,0.1,150.0,0.02
3,0.845823,0.09525301,0.20472027,0.04275842,40.0,-8.589486,0.0,200.0,0.0
4,0.8457973,0.0953277,0.20430924,0.047295097,50.0,-8.592947,0.1,250.0,0.0
5,0.84362715,0.0947753,0.203791,0.047107287,60.0,-11.247454,0.0,300.0,0.04
6,0.84451205,0.095790066,0.20392895,0.047262583,70.0,-14.156654,0.0,350.0,0.08
7,0.8445955,0.09547875,0.2039527,0.04703016,80.0,-14.1725235,0.1,400.0,0.04
8,0.84460586,0.09465125,0.20387827,0.052182876,90.0,-15.99394,0.0,450.0,0.04
9,0.8458142,0.09435699,0.20430374,0.051777214,100.0,-18.132235,0.0,500.0,0.02
10,0.84509516,0.095721774,0.20422593,0.05309388,110.0,-14.527069,0.0,550.0,0.0
11,0.8455513,0.09562558,0.20444286,0.053395703,120.0,-20.565556,0.0,600.0,0.04
12,0.8456791,0.09636358,0.20435907,0.054529916,130.0,-21.65701,0.0,650.0,0.0
13,0.84559435,0.09628812,0.20424598,0.05479339,140.0,-16.893425,0.1,700.0,0.04
14,0.84591395,0.09648511,0.20434803,0.05512464,150.0,-18.38763,0.0,750.0,0.02
15,0.8465596,0.09670981,0.20455387,0.0564232,160.0,-20.336575,0.0,800.0,0.0
16,0.84654814,0.096370585,0.20455545,0.057540685,170.0,-20.101965,0.1,850.0,0.08
17,0.8462005,0.096158005,0.2043688,0.05850087,180.0,-18.599707,0.1,900.0,0.02
18,0.8462112,0.09671879,0.20426412,0.059797827,190.0,-17.763935,0.2,950.0,0.06
19,0.84644085,0.096976005,0.20436262,0.059443902,200.0,-22.108395,0.1,1000.0,0.02
20,0.8458187,0.09657771,0.20414327,0.059736453,210.0,-28.418015,0.0,1050.0,0.0
21,0.8460024,0.09651608,0.2042788,0.061434623,220.0,-23.90063,0.1,1100.0,0.06
22,0.8457949,0.09639883,0.2041567,0.06202133,230.0,-24.349354,0.0,1150.0,0.04
23,0.84589154,0.096390456,0.20417522,0.062062036,240.0,-22.155502,0.1,1200.0,0.06
24,0.8460552,0.09637678,0.20422845,0.06264276,250.0,-23.823929,0.1,1250.0,0.06
25,0.8460731,0.09656111,0.20415574,0.063173294,260.0,-27.888783,0.0,1300.0,0.02
26,0.8457758,0.09657774,0.20401016,0.06356206,270.0,-26.834232,0.1,1350.0,0.06
27,0.84533715,0.09715134,0.20389587,0.06560945,280.0,-26.470703,0.0,1400.0,0.04
28,0.8452603,0.09697238,0.20391633,0.06594631,290.0,-28.165493,0.1,1450.0,0.1
29,0.8452769,0.09726652,0.20396149,0.06627704,300.0,-24.762506,0.0,1500.0,0.04
30,0.84505945,0.097204834,0.20394202,0.06710228,310.0,-29.490143,0.0,1550.0,0.06
31,0.8452088,0.09706924,0.20391946,0.06833971,320.0,-23.756842,0.0,1600.0,0.02
32,0.845273,0.097275466,0.20402494,0.06935894,330.0,-22.271759,0.2,1650.0,0.08
33,0.84512615,0.09726352,0.20398492,0.06931696,340.0,-26.82278,0.0,1700.0,0.04
34,0.8452832,0.097706534,0.20399399,0.0698821,350.0,-32.818,0.0,1750.0,0.0
35,0.84488183,0.09812664,0.20389692,0.0708507,360.0,-20.573978,0.1,1800.0,0.02
36,0.84506255,0.09828913,0.20399183,0.07130769,370.0,-31.077076,0.0,1850.0,0.02
37,0.84515494,0.098219484,0.20405136,0.07198019,380.0,-28.070675,0.1,1900.0,0.02
38,0.8454163,0.09856108,0.20405212,0.072360545,390.0,-30.073568,0.0,1950.0,0.0
39,0.8455786,0.09857806,0.20409583,0.0721239,400.0,-33.21331,0.0,2000.0,0.04
40,0.8454745,0.0985445,0.20396085,0.072714396,410.0,-26.362736,0.0,2050.0,0.02
41,0.84546,0.09841616,0.20389327,0.07287041,420.0,-38.910576,0.0,2100.0,0.0
42,0.84525037,0.09839334,0.20380864,0.07344248,430.0,-36.198425,0.0,2150.0,0.04
43,0.8451965,0.09841385,0.2036855,0.07361802,440.0,-24.826622,0.0,2200.0,0.04
44,0.84528977,0.098365806,0.20370601,0.07382243,450.0,-27.947826,0.0,2250.0,0.02
45,0.8452563,0.098524,0.20378038,0.074239425,460.0,-32.325165,0.0,2300.0,0.04
46,0.84546715,0.09839866,0.2038334,0.074176595,470.0,-23.384838,0.0,2350.0,0.04
47,0.84558725,0.09866301,0.20383985,0.07435084,480.0,-31.896374,0.1,2400.0,0.0
48,0.84546995,0.09866267,0.20379865,0.07463968,490.0,-28.916733,0.1,2450.0,0.02
49,0.8452797,0.099416494,0.20373878,0.07583045,500.0,-32.583694,0.0,2500.0,0.12
50,0.84529996,0.09984586,0.20373179,0.07635045,510.0,-30.603413,0.1,2550.0,0.04
51,0.84546405,0.09989896,0.20377955,0.07652645,520.0,-29.464611,0.0,2600.0,0.06
52,0.8455313,0.099909686,0.20383221,0.0765461,530.0,-28.171747,0.0,2650.0,0.02
53,0.84542817,0.09988406,0.20378079,0.07662961,540.0,-27.830439,0.0,2700.0,0.02
54,0.84539443,0.100052774,0.20366554,0.07707253,550.0,-27.697382,0.0,2750.0,0.02
55,0.8452652,0.100007564,0.20365469,0.07706609,560.0,-30.177124,0.0,2800.0,0.06
56,0.8452727,0.09987265,0.20368582,0.07702566,570.0,-26.537968,0.1,2850.0,0.1
57,0.8455077,0.1001934,0.20368765,0.07752533,580.0,-34.607452,0.0,2900.0,0.0
58,0.8452882,0.100124694,0.2036812,0.07774922,590.0,-23.674288,0.0,2950.0,0.02
59,0.84513956,0.10006014,0.203605,0.07772443,600.0,-31.978052,0.0,3000.0,0.02
60,0.845185,0.09993377,0.20366919,0.07784161,610.0,-22.371984,0.1,3050.0,0.02
61,0.84531385,0.09993281,0.20372362,0.07779116,620.0,-27.234737,0.0,3100.0,0.04
62,0.84517914,0.10001361,0.20367216,0.078027956,630.0,-35.398808,0.1,3150.0,0.04
63,0.8451366,0.10016952,0.203622,0.0784317,640.0,-29.804977,0.0,3200.0,0.04
64,0.84507364,0.09999621,0.20363365,0.07844285,650.0,-20.723225,0.2,3250.0,0.04
65,0.8449872,0.09995248,0.20360611,0.0787197,660.0,-23.903112,0.1,3300.0,0.06
66,0.84510183,0.10015458,0.2036261,0.07879927,670.0,-33.762455,0.0,3350.0,0.02
67,0.84494585,0.10045254,0.20369224,0.07971481,680.0,-24.55502,0.1,3400.0,0.02
68,0.8449996,0.10056559,0.20372324,0.08008364,690.0,-25.729656,0.0,3450.0,0.04
69,0.84483117,0.10090748,0.20369257,0.08063322,700.0,-21.616589,0.1,3500.0,0.06
70,0.84499836,0.10080805,0.20376316,0.08056754,710.0,-34.338142,0.0,3550.0,0.0
71,0.84498745,0.10074919,0.20365621,0.081008196,720.0,-23.263721,0.1,3600.0,0.0
72,0.8449297,0.10072994,0.20368166,0.08114436,730.0,-22.653652,0.0,3650.0,0.02
73,0.8449971,0.10067237,0.2036925,0.08095738,740.0,-31.244572,0.0,3700.0,0.06
74,0.8450783,0.100608714,0.20370911,0.08086266,750.0,-26.477625,0.0,3750.0,0.06
75,0.8450177,0.10093474,0.20365706,0.08084657,760.0,-32.971394,0.0,3800.0,0.06
76,0.84494203,0.100831896,0.20367846,0.08081932,770.0,-26.983784,0.0,3850.0,0.0
77,0.84493494,0.100788034,0.20371749,0.080854185,780.0,-34.68426,0.0,3900.0,0.0
78,0.84503007,0.10067132,0.20374933,0.08075541,790.0,-31.125317,0.1,3950.0,0.06
79,0.84489274,0.10086468,0.20370935,0.08079208,800.0,-27.93928,0.0,4000.0,0.02
80,0.84481484,0.10073844,0.20369203,0.08081917,810.0,-24.563519,0.1,4050.0,0.02
81,0.84478444,0.10060846,0.20370394,0.081184864,820.0,-27.110825,0.0,4100.0,0.04
82,0.8447066,0.10085886,0.2036777,0.08158189,830.0,-25.271374,0.1,4150.0,0.04
83,0.84473634,0.10093654,0.20369586,0.08193967,840.0,-26.355927,0.0,4200.0,0.04
84,0.8446443,0.10087145,0.20365578,0.082101405,850.0,-22.022217,0.0,4250.0,0.02
85,0.8446587,0.100846685,0.20364344,0.0824106,860.0,-27.349487,0.2,4300.0,0.02
86,0.84480983,0.10091633,0.2037072,0.08249787,870.0,-34.821587,0.0,4350.0,0.16
87,0.84478885,0.10104903,0.2037106,0.08255348,880.0,-27.377798,0.0,4400.0,0.14
88,0.8446152,0.10098786,0.203669,0.082870595,890.0,-27.985153,0.1,4450.0,0.06
89,0.84453416,0.10089477,0.20359012,0.08323433,900.0,-33.239807,0.0,4500.0,0.1
90,0.8445897,0.10080516,0.2036654,0.08364429,910.0,-29.34693,0.0,4550.0,0.04
91,0.8446569,0.10083694,0.20366816,0.08381969,920.0,-26.612347,0.0,4600.0,0.06
92,0.84470415,0.10109881,0.20364074,0.08396696,930.0,-28.364176,0.0,4650.0,0.06
93,0.8446677,0.10098579,0.20362307,0.08390028,940.0,-30.28898,0.0,4700.0,0.08
94,0.8446038,0.10105572,0.20361094,0.08426333,950.0,-24.222073,0.1,4750.0,0.1
95,0.84458524,0.10100231,0.20358309,0.084185384,960.0,-27.574732,0.1,4800.0,0.04
96,0.84458,0.100905,0.20359503,0.084313065,970.0,-31.81751,0.1,4850.0,0.08
97,0.8445429,0.10075957,0.20359823,0.084429614,980.0,-25.263393,0.2,4900.0,0.02
98,0.84451485,0.10092711,0.20358011,0.084580034,990.0,-33.239265,0.0,4950.0,0.02
99,0.844456,0.101073325,0.20358296,0.08480893,1000.0,-23.727137,0.2,5000.0,0.08
100,0.8444578,0.10123215,0.20351201,0.085115045,1010.0,-27.720554,0.0,5050.0,0.08
101,0.8444681,0.10141999,0.20350659,0.085537635,1020.0,-21.433443,0.1,5100.0,0.04
102,0.84435254,0.10141758,0.20348161,0.08594275,1030.0,-27.420563,0.0,5150.0,0.14
103,0.8443656,0.10163489,0.20344712,0.08605612,1040.0,-29.251593,0.0,5200.0,0.06
104,0.8442945,0.10155303,0.20342688,0.08622506,1050.0,-14.72581,0.2,5250.0,0.08
105,0.8442821,0.101677425,0.20344354,0.08650613,1060.0,-24.195942,0.0,5300.0,0.08
106,0.84430194,0.101979814,0.2034432,0.08669553,1070.0,-15.475072,0.2,5350.0,0.1
107,0.84426826,0.10204667,0.20341033,0.08680875,1080.0,-23.339323,0.1,5400.0,0.08
108,0.8442833,0.10195768,0.20340669,0.08707183,1090.0,-22.083261,0.1,5450.0,0.1
109,0.8443586,0.10205969,0.20340967,0.08740944,1100.0,-26.510096,0.1,5500.0,0.06
110,0.8443525,0.1023315,0.20346275,0.08789167,1110.0,-20.10517,0.1,5550.0,0.06
111,0.844338,0.10236257,0.20343433,0.087975785,1120.0,-28.368366,0.0,5600.0,0.08
112,0.84430456,0.10235819,0.20344225,0.088496536,1130.0,-28.012852,0.0,5650.0,0.08
113,0.84429103,0.10236427,0.20340168,0.08866745,1140.0,-20.956762,0.1,5700.0,0.04
114,0.8443878,0.10261469,0.20347126,0.08893012,1150.0,-28.101353,0.0,5750.0,0.0
115,0.8443596,0.1027602,0.20348406,0.08915008,1160.0,-28.238186,0.1,5800.0,0.08
116,0.84442973,0.10275048,0.20347929,0.08922823,1170.0,-21.035908,0.2,5850.0,0.0
117,0.84443015,0.10270361,0.20347638,0.08943871,1180.0,-19.131199,0.1,5900.0,0.04
118,0.8444336,0.102654316,0.2035014,0.08955495,1190.0,-25.889322,0.1,5950.0,0.04
119,0.8444633,0.10266558,0.20352396,0.08975857,1200.0,-22.483902,0.0,6000.0,0.0
120,0.84449005,0.102713086,0.20357117,0.09000113,1210.0,-19.293139,0.1,6050.0,0.02
121,0.84453034,0.102667384,0.20357391,0.09016717,1220.0,-24.188753,0.2,6100.0,0.1
122,0.84447694,0.102584004,0.20348687,0.09061592,1230.0,-22.715017,0.0,6150.0,0.06
123,0.8444543,0.102627434,0.20348653,0.09068366,1240.0,-22.518612,0.2,6200.0,0.0
124,0.84447813,0.10258094,0.20352131,0.09091275,1250.0,-25.450218,0.0,6250.0,0.08
125,0.8444381,0.10255168,0.20351553,0.09096259,1260.0,-23.49784,0.2,6300.0,0.08
126,0.84442407,0.10252861,0.20355931,0.09142064,1270.0,-23.069887,0.1,6350.0,0.06
127,0.84447193,0.102521874,0.20356694,0.091568105,1280.0,-23.205685,0.0,6400.0,0.1
128,0.8445026,0.10245743,0.20359108,0.092109345,1290.0,-13.664267,0.4,6450.0,0.08
129,0.84445864,0.10235289,0.20356864,0.09225944,1300.0,-22.809576,0.1,6500.0,0.04
130,0.84449583,0.10234425,0.20359413,0.092554435,1310.0,-15.494545,0.2,6550.0,0.06
131,0.84444326,0.10243517,0.20361288,0.092779204,1320.0,-22.397274,0.1,6600.0,0.14
132,0.8444311,0.10255196,0.20362008,0.09320617,1330.0,-20.349028,0.0,6650.0,0.0
133,0.8444417,0.102443874,0.20358638,0.09327716,1340.0,-24.417233,0.1,6700.0,0.08
134,0.84433347,0.10262712,0.20355509,0.09341544,1350.0,-23.398247,0.2,6750.0,0.06
135,0.84429747,0.10258901,0.20354164,0.093564644,1360.0,-28.030731,0.0,6800.0,0.14
136,0.8443151,0.102545895,0.20351647,0.09358077,1370.0,-30.231812,0.0,6850.0,0.06
137,0.84436244,0.10255891,0.20350543,0.093807735,1380.0,-24.328411,0.0,6900.0,0.16
138,0.84435993,0.10249408,0.20348637,0.09393454,1390.0,-27.598774,0.1,6950.0,0.04
139,0.84442514,0.10251976,0.20346169,0.09423409,1400.0,-18.535374,0.0,7000.0,0.04
140,0.8444004,0.10255856,0.2034857,0.09439207,1410.0,-26.533041,0.0,7050.0,0.08
141,0.84437317,0.102542214,0.20347732,0.094632275,1420.0,-25.072563,0.1,7100.0,0.08
142,0.8442524,0.10247282,0.203457,0.09482136,1430.0,-22.852116,0.1,7150.0,0.14
143,0.8442769,0.10276463,0.20345837,0.09509271,1440.0,-22.842949,0.1,7200.0,0.12
144,0.8442343,0.10283202,0.20347458,0.09530885,1450.0,-19.57258,0.0,7250.0,0.1
145,0.844214,0.10300708,0.20343506,0.09551893,1460.0,-17.588703,0.0,7300.0,0.14
146,0.8442507,0.10322345,0.20349078,0.09574153,1470.0,-15.984888,0.2,7350.0,0.02
147,0.8442176,0.10322148,0.2034725,0.0957773,1480.0,-18.557703,0.1,7400.0,0.12
148,0.84423405,0.10339328,0.20346975,0.095904455,1490.0,-25.455238,0.1,7450.0,0.18
149,0.84414005,0.10347164,0.20346299,0.09618609,1500.0,-18.247593,0.1,7500.0,0.28
150,0.84416866,0.10341165,0.20346814,0.0962009,1510.0,-28.980255,0.0,7550.0,0.14
151,0.84420794,0.10342244,0.20346554,0.09637949,1520.0,-17.586847,0.3,7600.0,0.08
152,0.84421563,0.10343292,0.20345233,0.09657686,1530.0,-26.590097,0.0,7650.0,0.12
153,0.84417343,0.10350566,0.20349361,0.09682188,1540.0,-17.026194,0.1,7700.0,0.12
154,0.84419984,0.10360757,0.2035046,0.096976325,1550.0,-24.201466,0.2,7750.0,0.1
155,0.84414583,0.10360945,0.20348786,0.09729682,1560.0,-16.070665,0.2,7800.0,0.12
156,0.8442044,0.103655376,0.20348194,0.097401984,1570.0,-24.344318,0.1,7850.0,0.06
157,0.84421945,0.10363599,0.20346637,0.09761372,1580.0,-18.855745,0.2,7900.0,0.06
158,0.8441923,0.10364616,0.20349899,0.0978681,1590.0,-17.672691,0.1,7950.0,0.1
159,0.84422046,0.103708215,0.20354848,0.09819245,1600.0,-25.007534,0.2,8000.0,0.04
160,0.8442227,0.10362854,0.2035716,0.09840881,1610.0,-21.758343,0.1,8050.0,0.14
161,0.8442227,0.10366291,0.2035557,0.09851506,1620.0,-21.606037,0.1,8100.0,0.14
162,0.84424096,0.1035951,0.20357189,0.09881319,1630.0,-18.892866,0.0,8150.0,0.1
163,0.8442113,0.10373592,0.20355247,0.09910553,1640.0,-22.510925,0.2,8200.0,0.22
164,0.84424335,0.103698514,0.20356174,0.09914403,1650.0,-28.517487,0.0,8250.0,0.18
165,0.8442223,0.10388405,0.20357002,0.0996386,1660.0,-19.652382,0.1,8300.0,0.1
166,0.8442847,0.10384968,0.2035616,0.09991788,1670.0,-19.866407,0.3,8350.0,0.1
167,0.84430957,0.103890516,0.20359075,0.10017852,1680.0,-14.946437,0.2,8400.0,0.14
168,0.844274,0.10420892,0.20360756,0.10047406,1690.0,-25.781254,0.1,8450.0,0.04
169,0.84421736,0.10418097,0.20362402,0.10074829,1700.0,-17.4029,0.1,8500.0,0.16
170,0.8442119,0.10431439,0.20358828,0.10090276,1710.0,-22.728802,0.3,8550.0,0.2
171,0.84424305,0.10425969,0.20361313,0.10092796,1720.0,-19.481295,0.2,8600.0,0.14
172,0.84425217,0.10441161,0.2035881,0.10113146,1730.0,-19.86788,0.1,8650.0,0.16
173,0.84427494,0.10442635,0.2036156,0.101287976,1740.0,-17.729404,0.3,8700.0,0.14
174,0.84421825,0.10460778,0.20360103,0.10158524,1750.0,-18.383612,0.4,8750.0,0.14
175,0.8442343,0.10455221,0.20360118,0.101754256,1760.0,-23.729254,0.1,8800.0,0.22
176,0.8442135,0.10462991,0.20356472,0.10218834,1770.0,-13.797009,0.3,8850.0,0.2
177,0.84422106,0.10462066,0.20357336,0.10228916,1780.0,-18.347248,0.2,8900.0,0.16
178,0.8442345,0.10470572,0.20360222,0.10258218,1790.0,-20.906399,0.1,8950.0,0.12
179,0.8441489,0.104750626,0.20360646,0.10288641,1800.0,-26.385752,0.2,9000.0,0.1
180,0.8442047,0.10471659,0.20362404,0.10308439,1810.0,-13.32155,0.4,9050.0,0.26
181,0.84422255,0.104681276,0.20365876,0.10320967,1820.0,-13.269956,0.3,9100.0,0.18
182,0.8442518,0.104736276,0.20366453,0.10339363,1830.0,-28.41416,0.1,9150.0,0.22
183,0.84418267,0.10482836,0.20366192,0.10368909,1840.0,-22.860636,0.0,9200.0,0.1
184,0.8442259,0.104830146,0.20370345,0.10376478,1850.0,-11.487272,0.4,9250.0,0.16
185,0.84423274,0.10475624,0.2037,0.10405426,1860.0,-24.834473,0.1,9300.0,0.16
186,0.84426117,0.10497276,0.20372692,0.10435002,1870.0,-28.735865,0.1,9350.0,0.18
187,0.8442119,0.10493373,0.2037385,0.104685955,1880.0,-20.78778,0.4,9400.0,0.18
188,0.8442307,0.10512429,0.20372888,0.104881175,1890.0,-29.926456,0.0,9450.0,0.22
189,0.84429,0.10509056,0.20378268,0.10501395,1900.0,-20.603025,0.2,9500.0,0.22
190,0.84419495,0.10527698,0.20374484,0.10520254,1910.0,-20.72636,0.2,9550.0,0.2
191,0.84422535,0.10530782,0.20379314,0.1053742,1920.0,-16.986086,0.3,9600.0,0.12
192,0.84425896,0.10541949,0.20378655,0.105617926,1930.0,-21.480927,0.3,9650.0,0.16
193,0.8443279,0.105445854,0.20380639,0.10568802,1940.0,-24.737492,0.3,9700.0,0.22
194,0.84428304,0.105545916,0.20379952,0.105969146,1950.0,-23.237034,0.4,9750.0,0.28
195,0.84429926,0.10545397,0.2038,0.10620035,1960.0,-34.213547,0.0,9800.0,0.18
196,0.84431237,0.105413795,0.20381472,0.10630076,1970.0,-27.254791,0.1,9850.0,0.22
197,0.84433293,0.10540656,0.20381805,0.106477045,1980.0,-27.549372,0.2,9900.0,0.14
198,0.84437114,0.10534426,0.20386864,0.1066153,1990.0,-15.814214,0.4,9950.0,0.26
199,0.84436935,0.10537384,0.20385475,0.106838256,2000.0,-17.717617,0.3,10000.0,0.18
200,0.84441715,0.10545778,0.20388213,0.107016414,2010.0,-17.407047,0.4,10050.0,0.14
201,0.84445184,0.10538778,0.2038604,0.10706169,2020.0,-20.449041,0.3,10100.0,0.28
202,0.8444807,0.10544964,0.2038651,0.10723794,2030.0,-22.020151,0.2,10150.0,0.18
203,0.8444831,0.10549906,0.20385823,0.10751221,2040.0,-14.946215,0.4,10200.0,0.18
204,0.8445208,0.10547655,0.20387073,0.10763864,2050.0,-22.988153,0.1,10250.0,0.16
205,0.84451395,0.10561859,0.20389155,0.10787423,2060.0,-24.064169,0.4,10300.0,0.24
206,0.84444004,0.10562554,0.20383474,0.107998036,2070.0,-14.392759,0.3,10350.0,0.18
207,0.84446,0.105581015,0.20385426,0.108077385,2080.0,-15.044904,0.3,10400.0,0.24
208,0.8444167,0.10557741,0.20385785,0.10816711,2090.0,-22.0598,0.2,10450.0,0.12
209,0.8444136,0.105703644,0.20386364,0.108319014,2100.0,-19.55495,0.2,10500.0,0.2
210,0.8444856,0.10568106,0.20387219,0.10846077,2110.0,-24.352995,0.1,10550.0,0.22
211,0.8444728,0.105768226,0.20386764,0.108543225,2120.0,-21.820526,0.1,10600.0,0.22
212,0.8444641,0.10575505,0.20388876,0.108640365,2130.0,-12.639387,0.5,10650.0,0.22
213,0.84443885,0.10574647,0.20388898,0.10878543,2140.0,-22.3176,0.2,10700.0,0.22
214,0.8444338,0.10582885,0.20387717,0.108955584,2150.0,-24.289703,0.4,10750.0,0.22
215,0.84444517,0.105864465,0.20390236,0.109027036,2160.0,-20.219728,0.1,10800.0,0.18
216,0.84445137,0.10586325,0.20390832,0.109050184,2170.0,-25.29118,0.1,10850.0,0.32
217,0.8444688,0.10589642,0.20390639,0.1091268,2180.0,-22.040356,0.4,10900.0,0.24
218,0.8445084,0.10589544,0.20390779,0.109228574,2190.0,-20.951834,0.2,10950.0,0.36
219,0.8444949,0.10596087,0.203898,0.10943432,2200.0,-20.703053,0.2,11000.0,0.26
220,0.84446687,0.10604522,0.20388366,0.10950178,2210.0,-11.846949,0.3,11050.0,0.3
221,0.84452015,0.10602895,0.20386812,0.10955651,2220.0,-22.398212,0.2,11100.0,0.32
222,0.8445008,0.1060231,0.20385785,0.109525435,2230.0,-19.815845,0.3,11150.0,0.22
223,0.8444628,0.10616956,0.20386077,0.109556444,2240.0,-16.533875,0.2,11200.0,0.22
224,0.8444999,0.10629359,0.2038887,0.10982361,2250.0,-20.603115,0.4,11250.0,0.22
225,0.84451073,0.10641652,0.20388931,0.10989793,2260.0,-35.440853,0.0,11300.0,0.18
226,0.8445112,0.10648587,0.20388956,0.109954774,2270.0,-20.54965,0.5,11350.0,0.34
227,0.84451693,0.10648743,0.20388392,0.10995971,2280.0,-11.120485,0.6,11400.0,0.3
228,0.84456915,0.10655419,0.2038937,0.11006672,2290.0,-24.742678,0.3,11450.0,0.22
229,0.84458303,0.10654091,0.20392303,0.11008807,2300.0,-23.641113,0.2,11500.0,0.28
230,0.8445551,0.10658101,0.20392787,0.11017737,2310.0,-20.078104,0.4,11550.0,0.3
231,0.8445804,0.106581606,0.20391198,0.11020103,2320.0,-21.219685,0.4,11600.0,0.22
232,0.84452456,0.106710516,0.203894,0.11036847,2330.0,-9.466981,0.5,11650.0,0.26
233,0.84452724,0.106661834,0.20388374,0.11042731,2340.0,-18.342518,0.3,11700.0,0.36
234,0.84454876,0.10667089,0.20392793,0.11056613,2350.0,-19.192013,0.4,11750.0,0.3
235,0.8445359,0.106718786,0.20395832,0.11079609,2360.0,-22.612457,0.2,11800.0,0.24
236,0.8445702,0.10669127,0.20398058,0.11084283,2370.0,-17.05045,0.5,11850.0,0.28
237,0.84461,0.106664576,0.20399626,0.11096027,2380.0,-18.977924,0.3,11900.0,0.32
238,0.8445553,0.10673547,0.20398541,0.11120577,2390.0,-19.408901,0.2,11950.0,0.28
239,0.84452826,0.106847525,0.20396578,0.11146897,2400.0,-22.879505,0.2,12000.0,0.22
240,0.8445093,0.10690716,0.20397532,0.11162193,2410.0,-9.798025,0.6,12050.0,0.3
241,0.8445363,0.106948316,0.2039949,0.11175458,2420.0,-12.78479,0.5,12100.0,0.26
242,0.8445216,0.10702342,0.20398492,0.1119476,2430.0,-11.534862,0.7,12150.0,0.28
243,0.8445492,0.10703689,0.20400658,0.11211726,2440.0,-14.345632,0.5,12200.0,0.36
244,0.8445769,0.1070502,0.20401178,0.11218864,2450.0,-11.730154,0.5,12250.0,0.28
245,0.844548,0.107188225,0.20401376,0.11236212,2460.0,-9.780469,0.6,12300.0,0.2
246,0.8445557,0.10724846,0.20400988,0.1125086,2470.0,-21.789875,0.2,12350.0,0.28
247,0.8445873,0.107206635,0.2040021,0.11254635,2480.0,-8.0102825,0.7,12400.0,0.34
248,0.8445807,0.107283376,0.20400006,0.112653226,2490.0,-17.981558,0.4,12450.0,0.2
249,0.8445322,0.10729078,0.20396072,0.11275221,2500.0,-21.802967,0.2,12500.0,0.22
250,0.8445061,0.107293986,0.2039261,0.11284753,2510.0,-11.164801,0.6,12550.0,0.3
251,0.84449315,0.107290246,0.20391403,0.11295332,2520.0,-12.2628145,0.6,12600.0,0.28
252,0.84451383,0.10728353,0.20392059,0.11295204,2530.0,-16.48768,0.6,12650.0,0.26
253,0.8445232,0.10723144,0.20393747,0.11297383,2540.0,-14.876661,0.6,12700.0,0.32
254,0.8445082,0.10718656,0.20392048,0.113010556,2550.0,-14.311729,0.5,12750.0,0.42
255,0.8445079,0.10722963,0.20392644,0.1130816,2560.0,-9.112135,0.6,12800.0,0.42
256,0.8445155,0.10723873,0.20392188,0.11317077,2570.0,-20.25642,0.4,12850.0,0.28
257,0.84455967,0.107200585,0.2039383,0.11320238,2580.0,-23.330515,0.1,12900.0,0.24
258,0.8445859,0.1071857,0.20393789,0.113323726,2590.0,-19.935764,0.3,12950.0,0.3
259,0.84454817,0.10724977,0.20392066,0.11340241,2600.0,-16.092339,0.4,13000.0,0.28
260,0.8445557,0.10721558,0.20393679,0.11347661,2610.0,-18.32147,0.5,13050.0,0.34
261,0.84454685,0.10725766,0.20393568,0.11354594,2620.0,-19.123653,0.5,13100.0,0.3
262,0.84460855,0.10722732,0.20393194,0.11358161,2630.0,-16.572712,0.6,13150.0,0.36
263,0.84465426,0.10727468,0.20392084,0.11364995,2640.0,-10.004699,0.6,13200.0,0.38
264,0.84469813,0.10732272,0.20393802,0.11368963,2650.0,-23.42955,0.3,13250.0,0.44
265,0.84472305,0.107271016,0.20393503,0.11369793,2660.0,-26.421484,0.2,13300.0,0.24
266,0.8447168,0.107247315,0.20392138,0.113790095,2670.0,-26.000616,0.3,13350.0,0.44
267,0.84477335,0.10723094,0.20391537,0.11384804,2680.0,-11.341784,0.6,13400.0,0.2
268,0.8447903,0.10734713,0.20393597,0.113971464,2690.0,-22.087315,0.3,13450.0,0.3
269,0.8448169,0.10735532,0.20393282,0.11398756,2700.0,-14.083893,0.6,13500.0,0.44
270,0.8447636,0.10731691,0.20390788,0.11410613,2710.0,-10.974203,0.7,13550.0,0.3
271,0.84476227,0.10727578,0.2038993,0.11416078,2720.0,-14.6173,0.5,13600.0,0.32
272,0.8447726,0.107280605,0.20390686,0.11414586,2730.0,-18.891672,0.4,13650.0,0.38
273,0.8447046,0.10730215,0.20388202,0.114268,2740.0,-19.288504,0.2,13700.0,0.46
274,0.84468836,0.10728478,0.20388438,0.11432746,2750.0,-25.090824,0.4,13750.0,0.28
275,0.8446776,0.10726424,0.20387654,0.114346735,2760.0,-22.572464,0.4,13800.0,0.38
276,0.8446458,0.1072964,0.20388146,0.11443653,2770.0,-14.806139,0.5,13850.0,0.32
277,0.8446438,0.10729166,0.2038532,0.1146354,2780.0,-22.295706,0.4,13900.0,0.4
278,0.84462667,0.10721623,0.20383312,0.11467836,2790.0,-15.512364,0.5,13950.0,0.4
279,0.84463173,0.10715268,0.20381927,0.11470765,2800.0,-21.277899,0.5,14000.0,0.4
280,0.8446062,0.10717889,0.2038318,0.11479472,2810.0,-20.590466,0.4,14050.0,0.5
281,0.8446129,0.10715681,0.20383698,0.114848115,2820.0,-20.159616,0.4,14100.0,0.4
282,0.84459776,0.10712799,0.20383848,0.11495191,2830.0,-8.665342,0.8,14150.0,0.38
283,0.84458154,0.10709793,0.20382386,0.11499624,2840.0,-20.83402,0.2,14200.0,0.48
284,0.8446285,0.10711985,0.20382485,0.11498991,2850.0,-19.876226,0.5,14250.0,0.22
285,0.8446706,0.107080996,0.20385352,0.11510654,2860.0,-21.719746,0.3,14300.0,0.42
286,0.8446982,0.10705701,0.20387498,0.11513998,2870.0,-15.8651,0.6,14350.0,0.42
287,0.8447011,0.107034005,0.20387982,0.11514606,2880.0,-12.701488,0.7,14400.0,0.38
288,0.8446872,0.10704264,0.20387125,0.11515869,2890.0,-18.740597,0.6,14450.0,0.42
289,0.8446836,0.1070334,0.20389092,0.1151657,2900.0,-24.476683,0.3,14500.0,0.42
290,0.84471816,0.10700053,0.20386928,0.11520383,2910.0,-17.297316,0.3,14550.0,0.42
291,0.84468627,0.10698572,0.2038447,0.1152149,2920.0,-23.489279,0.3,14600.0,0.54
292,0.84465337,0.10697078,0.20383002,0.1152359,2930.0,-16.004078,0.5,14650.0,0.38
293,0.84462327,0.10693482,0.20382375,0.11528493,2940.0,-12.421734,0.5,14700.0,0.38
294,0.8446011,0.106899075,0.20381063,0.1152619,2950.0,-16.408146,0.5,14750.0,0.4
295,0.8445447,0.10700358,0.20380169,0.11528658,2960.0,-20.914864,0.2,14800.0,0.52
296,0.84451675,0.10700803,0.20378816,0.11529743,2970.0,-13.195951,0.6,14850.0,0.46
297,0.84451336,0.10699891,0.20379877,0.11540522,2980.0,-22.394098,0.3,14900.0,0.34
298,0.84452105,0.10699377,0.20382157,0.115492724,2990.0,-14.666812,0.5,14950.0,0.34
299,0.844541,0.10694329,0.20383619,0.11554183,3000.0,-9.980204,0.7,15000.0,0.42
300,0.84455466,0.10690912,0.20384495,0.11554078,3010.0,-18.358,0.6,15050.0,0.34
301,0.8445352,0.10686296,0.20382454,0.11564169,3020.0,-17.44019,0.5,15100.0,0.5
302,0.84453005,0.10679591,0.2038257,0.115611285,3030.0,-13.005159,0.4,15150.0,0.5
303,0.8445194,0.10679636,0.203855,0.11575382,3040.0,-19.333181,0.3,15200.0,0.4
304,0.84451,0.10674131,0.20384467,0.11575532,3050.0,-16.833286,0.6,15250.0,0.46
305,0.84451246,0.10668439,0.20385756,0.11581514,3060.0,-17.127554,0.5,15300.0,0.46
306,0.84452915,0.10668349,0.20385464,0.115808,3070.0,-16.338978,0.5,15350.0,0.28
307,0.84445906,0.10674993,0.20386581,0.11581078,3080.0,-19.804651,0.4,15400.0,0.36
308,0.84444237,0.10673834,0.20384736,0.11583981,3090.0,-17.819813,0.5,15450.0,0.34
309,0.8444423,0.106752805,0.20386949,0.115871154,3100.0,-24.429005,0.2,15500.0,0.34
310,0.84441996,0.106716126,0.20387363,0.116002776,3110.0,-5.1344056,0.9,15550.0,0.36
311,0.8444228,0.10673219,0.20387167,0.11598319,3120.0,-15.547394,0.5,15600.0,0.34
312,0.84440756,0.1067405,0.20387913,0.11602283,3130.0,-15.656581,0.5,15650.0,0.36
313,0.8443958,0.10671726,0.20387556,0.11605045,3140.0,-13.361674,0.4,15700.0,0.48
314,0.84439087,0.10671119,0.20385414,0.11615641,3150.0,-18.040756,0.3,15750.0,0.4
315,0.8444536,0.10668931,0.20389864,0.116145074,3160.0,-27.641445,0.2,15800.0,0.5
316,0.8444534,0.106628686,0.20392098,0.11615221,3170.0,-8.897695,0.8,15850.0,0.42
317,0.8444821,0.10659152,0.20392473,0.11615774,3180.0,-15.516795,0.4,15900.0,0.36
318,0.8445037,0.106582664,0.20394611,0.11617772,3190.0,-13.195613,0.6,15950.0,0.42
319,0.8444824,0.10653612,0.20393012,0.11620924,3200.0,-15.791392,0.4,16000.0,0.48
320,0.84447986,0.10657033,0.20392159,0.11622875,3210.0,-16.378595,0.4,16050.0,0.42
321,0.84448105,0.106538095,0.20393725,0.11623484,3220.0,-9.204024,0.7,16100.0,0.54
322,0.84448195,0.106517814,0.20392624,0.11629872,3230.0,-10.564012,0.7,16150.0,0.3
323,0.84447736,0.10648086,0.20391291,0.11631401,3240.0,-24.801662,0.2,16200.0,0.38
324,0.8444645,0.10647114,0.20389134,0.116337955,3250.0,-20.856386,0.3,16250.0,0.52
325,0.8444609,0.10643976,0.2038991,0.11632879,3260.0,-22.962694,0.3,16300.0,0.32
326,0.844472,0.106392585,0.20390475,0.11635131,3270.0,-11.754443,0.6,16350.0,0.4
327,0.8444688,0.106389105,0.20389609,0.11640592,3280.0,-9.362532,0.6,16400.0,0.52
328,0.84444827,0.10645527,0.20389614,0.11644175,3290.0,-9.507637,0.7,16450.0,0.36
329,0.8444886,0.10641113,0.20391081,0.11640686,3300.0,-20.672855,0.3,16500.0,0.36
330,0.8444643,0.10644125,0.20393468,0.11649302,3310.0,-23.83211,0.3,16550.0,0.44
331,0.84443355,0.10642343,0.20391552,0.11655175,3320.0,-14.202992,0.5,16600.0,0.42
332,0.8444528,0.10640013,0.20394067,0.116587535,3330.0,-7.6035576,0.8,16650.0,0.5
333,0.8444399,0.10635975,0.20392425,0.116616815,3340.0,-21.04958,0.4,16700.0,0.56
334,0.84442824,0.1063237,0.20392826,0.116580956,3350.0,-9.291102,0.7,16750.0,0.4
335,0.8444204,0.106372215,0.20394933,0.11668659,3360.0,-26.181355,0.2,16800.0,0.34
336,0.8444323,0.10635197,0.20393446,0.11666669,3370.0,-20.371262,0.4,16850.0,0.48
337,0.8444391,0.10639125,0.20394456,0.116701804,3380.0,-25.54835,0.2,16900.0,0.38
338,0.84440255,0.10635056,0.20393154,0.116640456,3390.0,-11.785687,0.6,16950.0,0.5
339,0.8443795,0.10634353,0.20394516,0.11662981,3400.0,-15.128034,0.6,17000.0,0.44
340,0.84437895,0.10629492,0.20395622,0.1166236,3410.0,-9.032882,0.6,17050.0,0.4
341,0.8443927,0.10627379,0.2039501,0.11668066,3420.0,-14.189875,0.5,17100.0,0.58
342,0.8444021,0.10627911,0.20393963,0.11667892,3430.0,-14.316808,0.7,17150.0,0.4
343,0.84441215,0.10627063,0.20394963,0.11672414,3440.0,-20.692669,0.4,17200.0,0.56
344,0.84443665,0.10634009,0.20394652,0.11673826,3450.0,-12.244679,0.7,17250.0,0.32
345,0.8444145,0.10630777,0.20391773,0.11674194,3460.0,-15.852295,0.6,17300.0,0.48
346,0.84439355,0.10631147,0.20389766,0.1167686,3470.0,-10.286136,0.7,17350.0,0.4
347,0.84438115,0.106376015,0.20389865,0.116843425,3480.0,-18.329025,0.3,17400.0,0.38
348,0.8443684,0.106331706,0.20389052,0.11690725,3490.0,-10.638285,0.7,17450.0,0.52
349,0.844366,0.106300235,0.2038739,0.11695886,3500.0,-12.831433,0.6,17500.0,0.46
350,0.8443696,0.10623866,0.20385803,0.1169793,3510.0,-12.644445,0.5,17550.0,0.46
351,0.84436107,0.10623219,0.20387493,0.116963714,3520.0,-17.557362,0.3,17600.0,0.46
352,0.8443785,0.10626143,0.20386669,0.11704618,3530.0,-19.413925,0.4,17650.0,0.44
353,0.8443721,0.10629243,0.20386389,0.11707718,3540.0,-7.2831526,0.8,17700.0,0.46
354,0.84438676,0.10626928,0.20387423,0.11710694,3550.0,-12.862833,0.5,17750.0,0.46
355,0.84438056,0.106260754,0.20386305,0.1171701,3560.0,-16.797474,0.4,17800.0,0.42
356,0.84439105,0.10629184,0.20383868,0.11724271,3570.0,-8.016348,0.7,17850.0,0.42
357,0.84438676,0.10625928,0.20384079,0.11725835,3580.0,-10.422041,0.7,17900.0,0.46
358,0.844435,0.106284976,0.20383146,0.1173188,3590.0,-21.910479,0.3,17950.0,0.38
359,0.84445244,0.10626721,0.20381892,0.11732136,3600.0,-12.126061,0.5,18000.0,0.48
360,0.84443164,0.10621798,0.20380874,0.11728031,3610.0,-17.60775,0.4,18050.0,0.58
361,0.84445286,0.106172256,0.20381398,0.11731334,3620.0,-4.981748,0.8,18100.0,0.46
362,0.8444796,0.106157035,0.20382331,0.117319785,3630.0,-9.853053,0.6,18150.0,0.42
363,0.84446245,0.10615549,0.2038186,0.11734199,3640.0,-6.986973,0.6,18200.0,0.4
364,0.844469,0.106131524,0.20381083,0.1173684,3650.0,-5.2069044,0.8,18250.0,0.56
365,0.8445007,0.10612158,0.20381922,0.11739175,3660.0,-7.2575216,0.5,18300.0,0.42
366,0.8444984,0.10608085,0.20383236,0.11738178,3670.0,-7.644151,0.6,18350.0,0.48
367,0.8445008,0.106056266,0.20383173,0.11735137,3680.0,-9.326529,0.5,18400.0,0.36
368,0.84449005,0.106170565,0.20384525,0.117476866,3690.0,-7.764863,0.7,18450.0,0.42
369,0.8444542,0.106135964,0.20384802,0.11743688,3700.0,-5.7977633,0.8,18500.0,0.46
370,0.84445626,0.106160276,0.2038517,0.11749693,3710.0,-5.93429,0.6,18550.0,0.36
371,0.84445834,0.10614425,0.2038532,0.117499545,3720.0,-9.870976,0.5,18600.0,0.5
372,0.8444416,0.1061636,0.20384783,0.11753313,3730.0,-9.335517,0.6,18650.0,0.46
373,0.8444319,0.10618598,0.20383747,0.117533095,3740.0,-7.618262,0.7,18700.0,0.36
374,0.8444291,0.10621337,0.20382334,0.11753621,3750.0,-6.52257,0.8,18750.0,0.4
375,0.8444216,0.10618516,0.20380199,0.117514685,3760.0,-9.295622,0.7,18800.0,0.4
376,0.84443337,0.106173165,0.20378925,0.11747769,3770.0,-9.6756115,0.6,18850.0,0.4
377,0.8444848,0.106133185,0.20380211,0.11750825,3780.0,-15.436955,0.4,18900.0,0.52
378,0.8444724,0.106135614,0.2038062,0.1175271,3790.0,-12.6210785,0.5,18950.0,0.5
379,0.8444901,0.10617284,0.20381254,0.117559224,3800.0,-11.184556,0.5,19000.0,0.46
380,0.8445011,0.10612591,0.20380151,0.11753065,3810.0,-10.722903,0.5,19050.0,0.46
381,0.8444895,0.10611532,0.2037786,0.11754217,3820.0,-18.727917,0.4,19100.0,0.5
382,0.8444877,0.1060848,0.20377547,0.117543295,3830.0,-12.298183,0.3,19150.0,0.46
383,0.84448963,0.106045544,0.20378487,0.11753308,3840.0,-4.8642654,0.8,19200.0,0.46
384,0.8444674,0.10603094,0.20375612,0.11755108,3850.0,-2.0873253,0.9,19250.0,0.38
385,0.84443384,0.106030084,0.20375988,0.11758232,3860.0,-9.907629,0.6,19300.0,0.62
386,0.84442586,0.10605571,0.20374434,0.11759067,3870.0,-12.234268,0.6,19350.0,0.52
387,0.84444475,0.106100045,0.20375238,0.11754166,3880.0,-13.625418,0.6,19400.0,0.44
388,0.84447193,0.10618337,0.2037496,0.11755872,3890.0,-18.715569,0.3,19450.0,0.32
389,0.8444759,0.10615561,0.20375969,0.117554925,3900.0,-16.84431,0.5,19500.0,0.56
390,0.84445983,0.10614487,0.2037446,0.11761041,3910.0,-12.018118,0.6,19550.0,0.4
391,0.84445953,0.10611061,0.20374662,0.1175723,3920.0,-10.078978,0.7,19600.0,0.46
392,0.8444929,0.10607996,0.20373966,0.1175301,3930.0,-16.22369,0.5,19650.0,0.52
393,0.8445041,0.10607018,0.20373076,0.11754262,3940.0,-7.7922654,0.7,19700.0,0.4
394,0.84448975,0.10607176,0.20372431,0.11748934,3950.0,-14.505362,0.5,19750.0,0.4
395,0.8444708,0.106110334,0.20371932,0.11748802,3960.0,-8.2547865,0.7,19800.0,0.52
396,0.8444589,0.1061329,0.20370299,0.117511,3970.0,-4.1674676,0.9,19850.0,0.46
397,0.8444577,0.10615521,0.20370775,0.11749533,3980.0,-8.964363,0.6,19900.0,0.48
398,0.84446573,0.10615162,0.20368882,0.117544934,3990.0,-14.8188,0.6,19950.0,0.44
399,0.8444696,0.106145255,0.20367198,0.11759105,4000.0,-16.021082,0.6,20000.0,0.54
400,0.84444,0.10616944,0.20366296,0.11758964,4010.0,-10.350836,0.7,20050.0,0.52
401,0.8444502,0.106145106,0.20367815,0.11758372,4020.0,-13.5104065,0.6,20100.0,0.56
402,0.8444063,0.10623738,0.20366998,0.11763086,4030.0,-13.667192,0.5,20150.0,0.5
403,0.84440535,0.10623812,0.20366794,0.11764662,4040.0,-4.824186,0.9,20200.0,0.54
404,0.8443982,0.10623833,0.20365721,0.11762629,4050.0,-6.71999,0.8,20250.0,0.4
405,0.8443864,0.106305756,0.20366941,0.11762837,4060.0,-18.449713,0.5,20300.0,0.44
406,0.84438604,0.10629954,0.20367001,0.11761138,4070.0,-9.166354,0.8,20350.0,0.36
407,0.8443527,0.106328875,0.2036788,0.11762751,4080.0,-18.428307,0.6,20400.0,0.5
408,0.8443169,0.10639757,0.20367716,0.117676534,4090.0,-12.287012,0.6,20450.0,0.4
409,0.8442969,0.106369816,0.20367783,0.117664374,4100.0,-26.86138,0.2,20500.0,0.56
410,0.8442688,0.10639137,0.20366232,0.117700145,4110.0,-10.911979,0.6,20550.0,0.42
411,0.84424466,0.106401645,0.20366043,0.11765748,4120.0,-9.009701,0.7,20600.0,0.36
412,0.8442494,0.106372975,0.20365489,0.11762782,4130.0,-21.35509,0.3,20650.0,0.48
413,0.84424096,0.10636792,0.20363365,0.117640905,4140.0,-20.698483,0.5,20700.0,0.44
414,0.84424806,0.10635511,0.20362209,0.11760835,4150.0,-3.6275325,0.9,20750.0,0.4
415,0.8442591,0.10635874,0.20361859,0.11767,4160.0,-9.261084,0.7,20800.0,0.28
416,0.8442519,0.10632521,0.20361143,0.11765791,4170.0,-18.49236,0.3,20850.0,0.5
417,0.8442418,0.10640653,0.20361882,0.11766821,4180.0,-10.797632,0.7,20900.0,0.52
418,0.84424835,0.10642552,0.20362467,0.117669165,4190.0,-8.833505,0.8,20950.0,0.42
419,0.8442449,0.10645073,0.20360817,0.11772554,4200.0,-12.672145,0.7,21000.0,0.5
420,0.84423906,0.106494814,0.20361513,0.11775987,4210.0,-15.700808,0.6,21050.0,0.32
421,0.844204,0.10656839,0.20361088,0.117757596,4220.0,-9.694963,0.8,21100.0,0.48
422,0.8442104,0.10654849,0.2036022,0.11778166,4230.0,-11.84942,0.6,21150.0,0.58
423,0.84419197,0.106552236,0.203596,0.11780962,4240.0,-8.553698,0.7,21200.0,0.48
424,0.8441796,0.106547914,0.20358598,0.11779358,4250.0,-15.923744,0.2,21250.0,0.58
425,0.84417963,0.10652288,0.20359154,0.11779738,4260.0,-16.33223,0.4,21300.0,0.52
426,0.8441828,0.10655135,0.20361353,0.11787691,4270.0,-3.5278862,0.8,21350.0,0.42
427,0.8441825,0.10659403,0.2036122,0.11790919,4280.0,-15.506357,0.5,21400.0,0.36
428,0.84418327,0.106660396,0.20361446,0.117915496,4290.0,-3.097074,0.8,21450.0,0.48
429,0.84416246,0.10667824,0.20361388,0.1179332,4300.0,-10.6279545,0.7,21500.0,0.52
430,0.8441617,0.10671326,0.20361024,0.11792721,4310.0,-14.539278,0.5,21550.0,0.42
431,0.84417087,0.10671248,0.20360595,0.11792242,4320.0,-14.117513,0.6,21600.0,0.52
432,0.8441668,0.106717885,0.20360321,0.11791076,4330.0,-9.206839,0.5,21650.0,0.46
433,0.8441786,0.106711544,0.20359808,0.117882706,4340.0,-7.6616454,0.7,21700.0,0.48
434,0.84412235,0.10678909,0.20359851,0.11789863,4350.0,-7.6609545,0.8,21750.0,0.52
435,0.8441109,0.1068246,0.20358591,0.117887914,4360.0,-18.533754,0.4,21800.0,0.48
436,0.8441169,0.106797904,0.20358023,0.11786774,4370.0,-7.1230745,0.7,21850.0,0.44
437,0.8441126,0.106779285,0.20358469,0.1178794,4380.0,-11.821979,0.5,21900.0,0.6
438,0.8441259,0.10679319,0.20359299,0.11791435,4390.0,-12.360512,0.7,21950.0,0.38
439,0.84412044,0.10683138,0.20359823,0.117878444,4400.0,-5.0024977,0.8,22000.0,0.4
440,0.8441062,0.10684303,0.20361046,0.11786666,4410.0,-7.7940636,0.8,22050.0,0.4
441,0.8441059,0.106811725,0.20360897,0.1178461,4420.0,-10.892331,0.6,22100.0,0.52
442,0.844126,0.10680922,0.20360999,0.11782812,4430.0,-17.800549,0.4,22150.0,0.58
443,0.84412646,0.10678175,0.20361225,0.11779461,4440.0,-11.414148,0.7,22200.0,0.6
444,0.84413916,0.10675893,0.20361471,0.11779953,4450.0,-6.9073806,0.8,22250.0,0.6
445,0.8441307,0.10674473,0.20361036,0.117812246,4460.0,-10.755158,0.6,22300.0,0.58
446,0.8441267,0.10674263,0.20359708,0.11776601,4470.0,-7.1896315,0.6,22350.0,0.42
447,0.8441339,0.106712915,0.20358159,0.11777888,4480.0,-2.2173991,0.8,22400.0,0.5
448,0.8441579,0.106729746,0.20359732,0.11781635,4490.0,-1.6479683,0.9,22450.0,0.48
449,0.8441482,0.10672592,0.20359248,0.11782575,4500.0,-7.897966,0.6,22500.0,0.52
450,0.8441612,0.106707655,0.2035837,0.11782024,4510.0,-8.556468,0.8,22550.0,0.5
451,0.8441498,0.10674438,0.2035868,0.11780767,4520.0,-9.5429325,0.7,22600.0,0.54
452,0.84413093,0.1067299,0.20358223,0.11780273,4530.0,-2.9640727,0.9,22650.0,0.56
453,0.8441518,0.10677976,0.20358908,0.11787243,4540.0,-2.5963244,0.8,22700.0,0.36
454,0.84415346,0.10678182,0.20360084,0.11789304,4550.0,-4.2869377,0.8,22750.0,0.52
455,0.84414387,0.1068075,0.20360245,0.117923945,4560.0,-2.245788,0.9,22800.0,0.48
456,0.84417343,0.10677161,0.20361586,0.11789948,4570.0,-11.187342,0.6,22850.0,0.6
457,0.8441884,0.10672963,0.20361969,0.11788451,4580.0,-4.5845203,0.9,22900.0,0.62
458,0.8441766,0.1067124,0.20363452,0.117882706,4590.0,-12.908007,0.6,22950.0,0.4
459,0.84416,0.10674548,0.20362146,0.11791308,4600.0,-5.192229,0.8,23000.0,0.48
460,0.84416455,0.10677001,0.20361319,0.1179168,4610.0,-7.6053076,0.5,23050.0,0.54
461,0.8441315,0.10680456,0.20361303,0.117932275,4620.0,-2.299914,0.8,23100.0,0.48
462,0.8441186,0.10681852,0.20362808,0.11796816,4630.0,-10.629544,0.6,23150.0,0.54
463,0.84411556,0.106821984,0.20363227,0.117981814,4640.0,-2.5832453,0.7,23200.0,0.54
464,0.84412456,0.106835805,0.2036242,0.11795143,4650.0,-8.766885,0.6,23250.0,0.5
465,0.8441662,0.106856026,0.20362663,0.11795497,4660.0,-6.9149017,0.6,23300.0,0.42
466,0.84417945,0.10688909,0.20362985,0.11797659,4670.0,-3.1241975,0.7,23350.0,0.52
467,0.8441935,0.10688882,0.20362927,0.11796907,4680.0,-5.32174,0.6,23400.0,0.54
468,0.84420586,0.10686638,0.20364504,0.11790839,4690.0,-7.0741477,0.6,23450.0,0.48
469,0.8442326,0.10687972,0.20365366,0.11790201,4700.0,-9.06442,0.4,23500.0,0.46
470,0.8442259,0.10685473,0.20364457,0.11787074,4710.0,-3.4600353,0.8,23550.0,0.54
471,0.84425616,0.10685405,0.20365544,0.117851876,4720.0,-2.3210006,0.9,23600.0,0.54
472,0.84426665,0.10682679,0.20366834,0.11784881,4730.0,-2.372488,0.8,23650.0,0.66
473,0.84428936,0.10680928,0.20368537,0.11781652,4740.0,-3.2038174,0.7,23700.0,0.54
474,0.84427947,0.106804304,0.20367172,0.11784874,4750.0,-5.9165525,0.6,23750.0,0.48
475,0.8442798,0.10677753,0.20366928,0.11784861,4760.0,-1.6519703,0.8,23800.0,0.6
476,0.84427565,0.10678419,0.20367624,0.11783569,4770.0,-2.4027,0.9,23850.0,0.54
477,0.8442952,0.10676337,0.20369516,0.1178473,4780.0,-2.729073,0.8,23900.0,0.56
478,0.84427863,0.10676988,0.20370272,0.117859595,4790.0,-6.853804,0.5,23950.0,0.52
479,0.84429246,0.106799096,0.20371217,0.117820285,4800.0,-5.8586216,0.7,24000.0,0.5
480,0.8443106,0.10680116,0.20371298,0.11780334,4810.0,-6.5939193,0.6,24050.0,0.42
481,0.8443291,0.10679978,0.20372736,0.11783888,4820.0,-2.103829,0.8,24100.0,0.54
482,0.8443367,0.10678154,0.2037457,0.11786314,4830.0,-2.0416207,0.7,24150.0,0.44
483,0.8443242,0.10678043,0.2037414,0.11787286,4840.0,-1.2536646,1.0,24200.0,0.6
484,0.8443615,0.106831826,0.20374838,0.11786924,4850.0,-2.0343947,0.9,24250.0,0.38
485,0.84439796,0.10688216,0.20374885,0.117867395,4860.0,-3.544885,0.7,24300.0,0.38
486,0.84441805,0.10689086,0.20375694,0.117896184,4870.0,-2.3890786,0.8,24350.0,0.36
487,0.8444442,0.10688683,0.20376159,0.11787943,4880.0,-2.536656,0.8,24400.0,0.44
488,0.8444729,0.10688122,0.20377211,0.11784564,4890.0,-2.523186,0.8,24450.0,0.4
489,0.8445118,0.106904656,0.20378508,0.11781828,4900.0,-2.535562,0.8,24500.0,0.42
490,0.84452814,0.10690298,0.20377947,0.117795266,4910.0,-3.0045867,0.8,24550.0,0.46
491,0.84455127,0.10689962,0.20377527,0.11780573,4920.0,-3.7512977,0.8,24600.0,0.5
492,0.8445504,0.1068753,0.20377685,0.117781855,4930.0,-1.8613344,0.8,24650.0,0.58
493,0.8445573,0.10685224,0.20376723,0.117751405,4940.0,-4.0140667,0.7,24700.0,0.58
494,0.8445637,0.10685617,0.20378895,0.117775805,4950.0,-3.0826514,0.7,24750.0,0.64
495,0.8446095,0.10685301,0.2038,0.11775715,4960.0,-3.7754045,0.6,24800.0,0.48
496,0.8445854,0.106926,0.20377758,0.11777374,4970.0,-1.9716539,0.9,24850.0,0.48
497,0.8445944,0.10691369,0.20378347,0.117750704,4980.0,-1.8096402,1.0,24900.0,0.6
498,0.84459275,0.106902264,0.20379262,0.11775689,4990.0,-3.7335887,0.8,24950.0,0.52
499,0.84461576,0.106880434,0.20380066,0.117743194,5000.0,-2.0200028,0.8,25000.0,0.58
500,0.8446285,0.106882095,0.20379604,0.11776612,5010.0,-3.5663223,0.7,25050.0,0.48
501,0.8446143,0.10687012,0.20379426,0.1177531,5020.0,-1.3969214,0.9,25100.0,0.58
502,0.8446221,0.10687143,0.20379895,0.117773086,5030.0,-3.2413688,0.5,25150.0,0.46
503,0.8446412,0.106867075,0.20380972,0.11774646,5040.0,-2.4362948,0.8,25200.0,0.44
504,0.84466034,0.106882155,0.20381667,0.117764175,5050.0,-4.5458465,0.7,25250.0,0.5
505,0.8446989,0.10686943,0.20383649,0.11775391,5060.0,-3.1575408,0.6,25300.0,0.48
506,0.84472466,0.10685856,0.20384832,0.1177375,5070.0,-3.138825,0.8,25350.0,0.5
507,0.84473675,0.106849104,0.20385288,0.11773433,5080.0,-1.1312556,1.0,25400.0,0.54
508,0.84473157,0.10684389,0.20385233,0.117729686,5090.0,-1.0901096,1.0,25450.0,0.6
509,0.8447635,0.1068579,0.20385765,0.11771441,5100.0,-3.657081,0.9,25500.0,0.38
510,0.8447814,0.106847405,0.20386377,0.11769563,5110.0,-2.8881297,0.8,25550.0,0.5
511,0.84479636,0.10687215,0.2038679,0.11769497,5120.0,-1.0082,1.0,25600.0,0.46
512,0.8448186,0.106859766,0.20387377,0.117694415,5130.0,-3.7701504,0.7,25650.0,0.48
513,0.8448303,0.10683627,0.20386942,0.11767232,5140.0,-3.817505,0.8,25700.0,0.44
514,0.84485155,0.10682249,0.20387553,0.117644876,5150.0,-1.6714251,1.0,25750.0,0.46
515,0.8448594,0.10680115,0.2038732,0.1176224,5160.0,-3.1801372,0.6,25800.0,0.56
516,0.84486896,0.10679147,0.20388599,0.117605895,5170.0,-2.6423573,0.8,25850.0,0.6
517,0.84486765,0.10677875,0.20386179,0.11761775,5180.0,-3.2842128,0.9,25900.0,0.58
518,0.84489876,0.10677137,0.20387211,0.1175765,5190.0,-1.4266729,0.8,25950.0,0.42
519,0.8449194,0.10674712,0.20386769,0.11761515,5200.0,-2.4591424,0.7,26000.0,0.54
520,0.84492713,0.10676073,0.20387238,0.11763696,5210.0,-6.4584074,0.5,26050.0,0.54
521,0.84493047,0.10672488,0.20387225,0.11760358,5220.0,-5.583661,0.6,26100.0,0.56
522,0.8449335,0.106693484,0.20388187,0.117577285,5230.0,-3.5682583,0.7,26150.0,0.64
523,0.84494585,0.1066793,0.20387997,0.117551364,5240.0,-3.2517304,0.8,26200.0,0.58
524,0.844969,0.106678896,0.20388207,0.1175021,5250.0,-1.8238335,0.9,26250.0,0.52
525,0.8449648,0.10665784,0.20387928,0.11750671,5260.0,-1.3473774,1.0,26300.0,0.66
526,0.8449712,0.10665082,0.20388134,0.11748695,5270.0,-4.9954967,0.8,26350.0,0.52
527,0.8449645,0.10664507,0.2038955,0.11747814,5280.0,-2.0076566,0.8,26400.0,0.56
528,0.8449915,0.106630065,0.20390055,0.11746594,5290.0,-3.0372996,0.8,26450.0,0.48
529,0.8450071,0.1066198,0.20391777,0.11748693,5300.0,-4.347132,0.6,26500.0,0.52
530,0.8449982,0.1066055,0.2039147,0.11747802,5310.0,-1.709617,0.7,26550.0,0.54
531,0.84501535,0.10659488,0.20391594,0.1175005,5320.0,-4.052459,0.5,26600.0,0.56
532,0.8450394,0.10660374,0.20392403,0.117497556,5330.0,-2.943691,0.8,26650.0,0.48
533,0.84503156,0.1066267,0.20393023,0.11748487,5340.0,-1.7905613,0.9,26700.0,0.52
534,0.84504503,0.10662075,0.20394251,0.11746127,5350.0,-4.0386224,0.6,26750.0,0.64
535,0.8450567,0.1066046,0.2039438,0.117433876,5360.0,-1.9331919,0.9,26800.0,0.48
536,0.8450456,0.1066103,0.20392929,0.11742295,5370.0,-2.3108776,0.9,26850.0,0.56
537,0.8450553,0.106592566,0.20392027,0.117391035,5380.0,-3.314024,0.7,26900.0,0.6
538,0.84506744,0.106575705,0.203931,0.11737026,5390.0,-2.0949764,0.9,26950.0,0.56
539,0.84508663,0.106570266,0.20394069,0.11734619,5400.0,-2.0211558,0.8,27000.0,0.52
540,0.8450945,0.106555305,0.2039427,0.11732289,5410.0,-4.102145,0.6,27050.0,0.52
541,0.8450968,0.10658026,0.20395851,0.11735368,5420.0,-3.0516174,0.8,27100.0,0.44
542,0.8451305,0.10657373,0.20397216,0.117359035,5430.0,-1.421601,0.9,27150.0,0.44
543,0.8451441,0.10656204,0.20398039,0.1173327,5440.0,-0.9765364,0.9,27200.0,0.56
544,0.8451739,0.10655797,0.20400488,0.1173216,5450.0,-2.1345465,0.9,27250.0,0.58
545,0.8451865,0.106577486,0.20401718,0.11734905,5460.0,-2.6726272,0.8,27300.0,0.58
546,0.84520155,0.10658231,0.20403664,0.11736033,5470.0,-2.2100885,0.9,27350.0,0.52
547,0.8452143,0.106572546,0.20405999,0.1173624,5480.0,-1.2925036,0.9,27400.0,0.58
548,0.8452192,0.106571116,0.20405851,0.117343776,5490.0,-0.7059985,1.0,27450.0,0.54
549,0.8452168,0.10657982,0.20407447,0.11737469,5500.0,-1.1750777,1.0,27500.0,0.56
550,0.84521335,0.10655861,0.2040697,0.11736319,5510.0,-1.6205117,0.9,27550.0,0.62
551,0.8452459,0.106562346,0.20408602,0.11735218,5520.0,-3.3115413,0.9,27600.0,0.52
552,0.8452495,0.106588036,0.20409563,0.11735784,5530.0,-2.9982798,0.6,27650.0,0.54
553,0.8452344,0.106598176,0.20407772,0.11735158,5540.0,-2.0903592,0.7,27700.0,0.6
554,0.8452437,0.10658506,0.20409516,0.117346294,5550.0,-2.9172482,0.7,27750.0,0.48
555,0.8452504,0.10661308,0.20411378,0.11734567,5560.0,-2.4995828,0.7,27800.0,0.66
556,0.8452789,0.1066161,0.20411251,0.11732303,5570.0,-2.0746036,0.7,27850.0,0.62
557,0.8452771,0.10660365,0.20412631,0.11730895,5580.0,-0.9731947,0.9,27900.0,0.58
558,0.8452919,0.10661176,0.20413503,0.11730776,5590.0,-1.3173606,0.9,27950.0,0.54
559,0.84532624,0.106603764,0.20414981,0.11728688,5600.0,-1.9897883,0.9,28000.0,0.56
560,0.84533674,0.10661545,0.20415859,0.11730118,5610.0,-2.890843,0.6,28050.0,0.48
561,0.84535766,0.10660472,0.20416506,0.1173071,5620.0,-1.2640998,1.0,28100.0,0.58
562,0.8453758,0.10661141,0.20418543,0.11732487,5630.0,-2.3466284,0.8,28150.0,0.56
563,0.84539175,0.106612645,0.20419319,0.11731212,5640.0,-0.89874446,1.0,28200.0,0.64
564,0.84538406,0.10662502,0.20416568,0.117341585,5650.0,-3.6929984,0.7,28250.0,0.54
565,0.84539604,0.10660094,0.20416074,0.117332175,5660.0,-2.633619,0.7,28300.0,0.6
566,0.8454115,0.10658208,0.20416348,0.11730832,5670.0,-2.9489796,0.6,28350.0,0.66
567,0.8454137,0.106578685,0.20415741,0.11730014,5680.0,-1.0495764,1.0,28400.0,0.6
568,0.8454372,0.106565714,0.2041685,0.117283955,5690.0,-1.823448,0.8,28450.0,0.58
569,0.84543127,0.106593974,0.20416003,0.11730053,5700.0,-1.044384,1.0,28500.0,0.5
570,0.84545344,0.1065964,0.20416433,0.11727633,5710.0,-3.089222,0.7,28550.0,0.52
571,0.8454314,0.1065804,0.2041634,0.117249794,5720.0,-1.7872779,0.8,28600.0,0.6
572,0.845439,0.10656276,0.20416857,0.11723061,5730.0,-2.3471258,0.6,28650.0,0.6
573,0.8454445,0.10655736,0.20417167,0.11722997,5740.0,-1.7396936,0.7,28700.0,0.52
574,0.8454434,0.10655028,0.20416929,0.11722578,5750.0,-2.1122203,0.8,28750.0,0.58
575,0.8454594,0.10653981,0.204179,0.11720993,5760.0,-1.2996229,1.0,28800.0,0.64
576,0.8454694,0.10652745,0.20418331,0.11721543,5770.0,-2.339382,0.6,28850.0,0.54
577,0.8454539,0.10652959,0.20417713,0.11721669,5780.0,-1.7533801,0.8,28900.0,0.56
578,0.84545183,0.106563985,0.20417374,0.11722172,5790.0,-1.1562948,0.9,28950.0,0.42
579,0.84546715,0.106574945,0.20416473,0.117214896,5800.0,-1.9057541,0.8,29000.0,0.54
580,0.8454666,0.10656426,0.20416738,0.117194176,5810.0,-1.617779,0.8,29050.0,0.56
581,0.84547925,0.106532104,0.20416693,0.11717103,5820.0,-2.3101096,0.6,29100.0,0.68
582,0.84549713,0.10651667,0.20416635,0.11714101,5830.0,-0.9260995,0.9,29150.0,0.68
583,0.84550685,0.10651853,0.20417392,0.11711468,5840.0,-1.2415087,0.8,29200.0,0.52
584,0.8455326,0.10651851,0.20417696,0.11710293,5850.0,-2.2588933,0.6,29250.0,0.6
585,0.84552044,0.10649405,0.20418166,0.11708771,5860.0,-1.9166046,0.7,29300.0,0.62
586,0.84552884,0.106514335,0.20418024,0.11708608,5870.0,-2.0603747,0.6,29350.0,0.52
587,0.8455433,0.10651664,0.20417553,0.11709052,5880.0,-1.6899573,0.7,29400.0,0.62
588,0.8455426,0.106518924,0.2041774,0.11707582,5890.0,-1.4265002,1.0,29450.0,0.52
589,0.8455584,0.10650609,0.20418113,0.117035896,5900.0,-1.4533794,0.9,29500.0,0.62
590,0.8455613,0.106526844,0.20418176,0.11703573,5910.0,-0.821928,1.0,29550.0,0.44
591,0.84560066,0.10654215,0.20419359,0.11704288,5920.0,-1.0059093,0.8,29600.0,0.5
592,0.8456059,0.10653564,0.20419551,0.11702664,5930.0,-1.1220255,1.0,29650.0,0.56
593,0.8456299,0.106536545,0.2041975,0.117021084,5940.0,-1.1039999,1.0,29700.0,0.54
594,0.8456451,0.10653684,0.20418687,0.117030725,5950.0,-1.0200368,0.8,29750.0,0.54
595,0.84564596,0.10651114,0.20418659,0.11699217,5960.0,-0.9502843,1.0,29800.0,0.62
596,0.845665,0.10651958,0.20418735,0.11699598,5970.0,-0.943509,0.9,29850.0,0.6
597,0.84570384,0.106517784,0.20419747,0.11696668,5980.0,-1.5987971,0.8,29900.0,0.54
598,0.84570736,0.10652217,0.2042055,0.11697216,5990.0,-1.5586563,0.7,29950.0,0.66
599,0.84573364,0.10653708,0.20420189,0.11696663,6000.0,-2.3992274,0.6,30000.0,0.48
600,0.84575313,0.10654322,0.20420189,0.11694802,6010.0,-0.6819428,1.0,30050.0,0.54
601,0.8457639,0.10653033,0.20420587,0.11690839,6020.0,-2.1704278,0.7,30100.0,0.58
602,0.8457963,0.10656675,0.20421973,0.11692467,6030.0,-2.0406125,0.8,30150.0,0.4
603,0.8458174,0.10657122,0.20422636,0.11689761,6040.0,-1.6702335,0.8,30200.0,0.46
604,0.8458221,0.10654668,0.2042305,0.11687224,6050.0,-1.6952705,0.7,30250.0,0.74
605,0.845839,0.10655483,0.20423684,0.11687109,6060.0,-1.8133047,0.8,30300.0,0.48
606,0.84585357,0.106556326,0.2042423,0.11685466,6070.0,-1.0785989,0.9,30350.0,0.54
607,0.845869,0.10653937,0.20424327,0.11684684,6080.0,-1.9567633,0.8,30400.0,0.46
608,0.8458968,0.10655743,0.20424879,0.11684892,6090.0,-1.3083385,0.8,30450.0,0.44
609,0.8459277,0.10655075,0.20425504,0.116830885,6100.0,-0.74172926,1.0,30500.0,0.6
610,0.8459317,0.10655415,0.2042542,0.11682714,6110.0,-1.4449388,0.8,30550.0,0.6
611,0.84593916,0.106548965,0.20425627,0.11685211,6120.0,-0.9828545,0.8,30600.0,0.56
612,0.8459638,0.10654532,0.20427732,0.11683631,6130.0,-1.2698658,0.8,30650.0,0.72
613,0.8459888,0.10655118,0.20428176,0.11685623,6140.0,-1.3338783,0.7,30700.0,0.44
614,0.84601545,0.106548004,0.20429277,0.11684587,6150.0,-2.0854096,0.7,30750.0,0.56
615,0.84602314,0.10659444,0.20429555,0.11686577,6160.0,-1.1962264,0.7,30800.0,0.64
616,0.84603673,0.10660494,0.20430396,0.1168651,6170.0,-2.5264914,0.4,30850.0,0.68
617,0.8460517,0.10660086,0.2042918,0.116885334,6180.0,-0.9976635,1.0,30900.0,0.56
618,0.84608245,0.10660815,0.20429838,0.11686813,6190.0,-1.844215,0.8,30950.0,0.64
619,0.8461085,0.106593244,0.20430328,0.11683436,6200.0,-1.8738604,0.9,31000.0,0.66
620,0.8461326,0.10658831,0.20431536,0.11681124,6210.0,-1.2540127,0.8,31050.0,0.62
621,0.8461438,0.10656861,0.20432119,0.11678708,6220.0,-1.8019562,0.8,31100.0,0.68
622,0.8461657,0.10658622,0.20433365,0.11677266,6230.0,-1.1867608,0.9,31150.0,0.58
623,0.8461659,0.106589414,0.20433876,0.11675361,6240.0,-2.836611,0.6,31200.0,0.54
624,0.84617543,0.10660806,0.20434174,0.116770916,6250.0,-0.9685606,0.9,31250.0,0.64
625,0.84619683,0.106598325,0.20435713,0.11675926,6260.0,-0.8246199,1.0,31300.0,0.6
626,0.84621495,0.106603324,0.20436871,0.11673661,6270.0,-0.69270056,1.0,31350.0,0.68
627,0.84621423,0.10659695,0.20437592,0.11673007,6280.0,-0.85209405,0.9,31400.0,0.52
628,0.84621644,0.10656917,0.20437881,0.11673136,6290.0,-0.97879803,1.0,31450.0,0.72
629,0.84623176,0.106589586,0.20439143,0.11673423,6300.0,-1.3664939,0.8,31500.0,0.42
630,0.8462308,0.10660877,0.2044008,0.11673288,6310.0,-1.5382841,0.9,31550.0,0.58
631,0.8462555,0.106591284,0.2044134,0.11672115,6320.0,-1.3402345,0.7,31600.0,0.58
632,0.84627366,0.10661214,0.20442437,0.11671062,6330.0,-0.8626378,1.0,31650.0,0.5
633,0.84628266,0.10659319,0.2044295,0.11669268,6340.0,-3.3676796,0.7,31700.0,0.64
634,0.8462901,0.10661916,0.20444739,0.11672016,6350.0,-1.085867,1.0,31750.0,0.52
635,0.8463077,0.10660768,0.20445578,0.11669575,6360.0,-1.0877818,1.0,31800.0,0.58
636,0.8463047,0.10661483,0.204462,0.11669002,6370.0,-1.0228628,0.9,31850.0,0.64
637,0.846317,0.10663045,0.20446925,0.11666574,6380.0,-1.6797645,0.7,31900.0,0.6
638,0.8463233,0.106611796,0.20446545,0.11662712,6390.0,-1.1162571,0.9,31950.0,0.7
639,0.8463268,0.10660403,0.20447293,0.1166277,6400.0,-1.2461395,1.0,32000.0,0.6
640,0.8463259,0.10660503,0.20448153,0.11660215,6410.0,-1.7643282,0.6,32050.0,0.66
641,0.8463509,0.10660248,0.20448403,0.11657729,6420.0,-0.89534855,0.9,32100.0,0.5
642,0.84637874,0.10664422,0.20449646,0.11660136,6430.0,-0.9018861,1.0,32150.0,0.48
643,0.8464031,0.10666015,0.20450678,0.11662435,6440.0,-1.4230049,0.9,32200.0,0.56
644,0.846428,0.106661886,0.20451084,0.116604336,6450.0,-1.4703797,0.9,32250.0,0.54
645,0.84645134,0.10665385,0.2045101,0.116581775,6460.0,-1.2693489,0.9,32300.0,0.54
646,0.8464655,0.106651865,0.204507,0.116559274,6470.0,-0.99229413,1.0,32350.0,0.56
647,0.84647083,0.10665393,0.20450284,0.11656073,6480.0,-1.6982952,1.0,32400.0,0.64
648,0.8464826,0.10664236,0.20451574,0.11653657,6490.0,-5.195462,0.8,32450.0,0.66
649,0.8464827,0.10663841,0.20452896,0.116547115,6500.0,-1.1867145,0.9,32500.0,0.52
650,0.8465039,0.10665061,0.20453481,0.11652799,6510.0,-1.1187294,0.8,32550.0,0.54
651,0.8465204,0.10665818,0.2045309,0.11653392,6520.0,-1.4803674,1.0,32600.0,0.62
652,0.8465464,0.10665444,0.20453219,0.116546325,6530.0,-0.98156166,0.9,32650.0,0.66
653,0.84654117,0.106671534,0.20453121,0.116530955,6540.0,-1.2618767,0.9,32700.0,0.58
654,0.84655386,0.10668079,0.20452976,0.116549216,6550.0,-0.9975489,1.0,32750.0,0.58
655,0.84657955,0.106667735,0.20453346,0.116520464,6560.0,-0.850794,1.0,32800.0,0.56
656,0.8465894,0.10667505,0.20452805,0.11650215,6570.0,-1.9677662,0.7,32850.0,0.54
657,0.8465932,0.10668097,0.20452538,0.11649107,6580.0,-0.95038337,0.9,32900.0,0.64
658,0.8466074,0.10669879,0.2045252,0.11647493,6590.0,-1.2233573,0.8,32950.0,0.6
659,0.8466208,0.10670277,0.204528,0.11645801,6600.0,-1.0366871,1.0,33000.0,0.64
660,0.8466382,0.10672096,0.20453137,0.11645759,6610.0,-0.9161252,0.9,33050.0,0.5
661,0.8466649,0.10671717,0.20453836,0.11643846,6620.0,-1.0160434,1.0,33100.0,0.64
662,0.846682,0.106721796,0.20454818,0.11642875,6630.0,-1.0708406,1.0,33150.0,0.5
663,0.84667856,0.10672627,0.20454927,0.11641956,6640.0,-1.2647059,0.9,33200.0,0.6
664,0.8466842,0.10672385,0.20455068,0.116387434,6650.0,-1.3111368,0.7,33250.0,0.66
665,0.8466914,0.106734134,0.20455305,0.11637981,6660.0,-1.4438543,0.8,33300.0,0.5
666,0.84668714,0.10673085,0.2045485,0.11636183,6670.0,-1.7842926,0.8,33350.0,0.5
667,0.84671193,0.106722,0.20455128,0.116364375,6680.0,-0.5303582,1.0,33400.0,0.46
668,0.846726,0.10673105,0.20454663,0.11636461,6690.0,-1.2073514,1.0,33450.0,0.48
669,0.8467496,0.106762804,0.20455243,0.11634513,6700.0,-1.7643745,0.9,33500.0,0.56
670,0.84678125,0.106771745,0.20456411,0.11634765,6710.0,-1.103528,1.0,33550.0,0.56
671,0.8467917,0.10677517,0.20456696,0.11634798,6720.0,-0.9313019,1.0,33600.0,0.52
672,0.846817,0.106772065,0.20457429,0.11635289,6730.0,-1.2047735,0.9,33650.0,0.62
673,0.8468264,0.10679475,0.20457849,0.116351515,6740.0,-1.3977785,1.0,33700.0,0.6
674,0.8468347,0.10681238,0.2045776,0.11637196,6750.0,-1.2329185,1.0,33750.0,0.5
675,0.84684944,0.1068066,0.20458141,0.11635214,6760.0,-1.4279063,0.9,33800.0,0.7
676,0.846857,0.106799364,0.20457827,0.11632736,6770.0,-1.6524992,0.9,33850.0,0.44
677,0.84687644,0.10680596,0.20458649,0.11632677,6780.0,-1.9985418,0.9,33900.0,0.54
678,0.8468895,0.10681177,0.20459136,0.116310395,6790.0,-1.5855882,1.0,33950.0,0.58
679,0.84689474,0.10682071,0.20459673,0.116309404,6800.0,-1.3166205,1.0,34000.0,0.62
680,0.8468976,0.10681551,0.20459256,0.11629272,6810.0,-1.0901811,1.0,34050.0,0.66
681,0.8469338,0.1068314,0.20460154,0.11631908,6820.0,-1.0194509,1.0,34100.0,0.56
682,0.8469637,0.10681895,0.20460346,0.1163151,6830.0,-1.588149,1.0,34150.0,0.52
683,0.84698385,0.1068066,0.20460562,0.11628774,6840.0,-1.1015385,1.0,34200.0,0.76
684,0.8470059,0.10682875,0.20461422,0.11631791,6850.0,-1.1291488,0.9,34250.0,0.4
685,0.84702396,0.10683707,0.20462023,0.11633196,6860.0,-0.96946937,1.0,34300.0,0.66
686,0.8470373,0.106851734,0.20462273,0.11632052,6870.0,-1.0675541,0.9,34350.0,0.62
687,0.8470462,0.10682676,0.20462829,0.11629141,6880.0,-1.0906538,1.0,34400.0,0.76
688,0.8470587,0.106815614,0.20462964,0.11627548,6890.0,-0.9247451,1.0,34450.0,0.46
689,0.8470769,0.10679731,0.20463446,0.11625812,6900.0,-0.8688054,0.9,34500.0,0.56
690,0.8470831,0.10681367,0.20463221,0.11627511,6910.0,-0.79596823,1.0,34550.0,0.34
691,0.8470853,0.106817044,0.20462453,0.116254054,6920.0,-1.9331566,0.9,34600.0,0.6
692,0.8470991,0.106832564,0.20462942,0.11624875,6930.0,-1.3056558,0.9,34650.0,0.48
693,0.84711224,0.1068086,0.20462854,0.11622578,6940.0,-1.4272493,0.9,34700.0,0.68
694,0.8471177,0.10681067,0.20462915,0.1162125,6950.0,-0.79840785,1.0,34750.0,0.56
695,0.8471396,0.10683819,0.20463839,0.1162034,6960.0,-1.457991,1.0,34800.0,0.48
696,0.8471647,0.10684958,0.20463939,0.11619525,6970.0,-0.65927595,1.0,34850.0,0.58
697,0.84716874,0.106886834,0.20464332,0.11621924,6980.0,-1.3970306,0.8,34900.0,0.58
698,0.847182,0.10688498,0.20464727,0.11620337,6990.0,-1.2236383,0.9,34950.0,0.5
699,0.847202,0.10689813,0.20465218,0.11618832,7000.0,-0.6668875,1.0,35000.0,0.52
700,0.8472159,0.106912665,0.20466012,0.116177395,7010.0,-1.2239252,1.0,35050.0,0.52
701,0.84722567,0.10691122,0.20466165,0.1161555,7020.0,-1.5793437,0.7,35100.0,0.6
702,0.84722394,0.10689476,0.20466001,0.11613956,7030.0,-1.4005935,0.9,35150.0,0.58
703,0.8472399,0.1068894,0.20467907,0.11612636,7040.0,-1.2857096,1.0,35200.0,0.44
704,0.8472505,0.106885314,0.20468383,0.11611781,7050.0,-0.79461825,1.0,35250.0,0.58
705,0.8472578,0.1068752,0.20467988,0.11610137,7060.0,-1.5877361,0.8,35300.0,0.54
706,0.8472717,0.10684905,0.20468575,0.116080955,7070.0,-0.7788942,1.0,35350.0,0.74
707,0.8472898,0.10683461,0.20469876,0.11608981,7080.0,-1.2897953,0.7,35400.0,0.6
708,0.8473124,0.10683545,0.2047049,0.11608528,7090.0,-0.83381194,1.0,35450.0,0.48
709,0.84732443,0.10684421,0.20471425,0.11607994,7100.0,-1.6867157,0.9,35500.0,0.52
710,0.8473272,0.10685038,0.20471404,0.11606581,7110.0,-0.96701276,1.0,35550.0,0.44
711,0.8473603,0.106871046,0.20472616,0.11605033,7120.0,-0.4362468,1.0,35600.0,0.5
712,0.84739596,0.10687804,0.20473431,0.11603628,7130.0,-1.0316931,0.9,35650.0,0.4
713,0.8474056,0.10687125,0.20473196,0.116041034,7140.0,-1.1319989,1.0,35700.0,0.5
714,0.84744066,0.10687869,0.2047399,0.11602595,7150.0,-1.3334188,0.8,35750.0,0.48
715,0.8474564,0.10687027,0.20473821,0.11599463,7160.0,-0.8785556,1.0,35800.0,0.54
716,0.847464,0.10686352,0.20474496,0.11596866,7170.0,-1.0240345,1.0,35850.0,0.58
717,0.84748673,0.106847115,0.2047461,0.115954906,7180.0,-2.187468,0.8,35900.0,0.52
718,0.84751064,0.10686018,0.20474999,0.115963295,7190.0,-0.8843628,0.9,35950.0,0.6
719,0.8475259,0.10685184,0.20475619,0.11595204,7200.0,-1.5226561,0.8,36000.0,0.62
720,0.84755164,0.106867015,0.20475681,0.11595951,7210.0,-0.9811715,1.0,36050.0,0.52
721,0.847558,0.10686654,0.20475748,0.115956366,7220.0,-1.0665141,1.0,36100.0,0.46
722,0.8475855,0.1068851,0.20476517,0.11594875,7230.0,-1.2280332,0.7,36150.0,0.54
723,0.84759253,0.106871694,0.2047521,0.11594524,7240.0,-1.1038768,0.8,36200.0,0.54
724,0.84760517,0.10687662,0.20475055,0.11592904,7250.0,-1.0812334,1.0,36250.0,0.6
725,0.8476238,0.106894255,0.2047634,0.115931205,7260.0,-0.96187097,1.0,36300.0,0.58
726,0.847632,0.1068995,0.20476854,0.115926206,7270.0,-1.3964834,0.9,36350.0,0.5
727,0.84764737,0.1069097,0.20477746,0.11594196,7280.0,-0.9257024,1.0,36400.0,0.5
728,0.8476493,0.10691736,0.20478189,0.115944825,7290.0,-1.0705793,1.0,36450.0,0.56
729,0.8476639,0.10690445,0.20477921,0.11594422,7300.0,-1.5508047,0.9,36500.0,0.68
730,0.84768295,0.106927164,0.20478135,0.1159513,7310.0,-1.6676395,1.0,36550.0,0.56
731,0.8476929,0.1069265,0.20478737,0.115945436,7320.0,-1.3176181,1.0,36600.0,0.48
732,0.8476973,0.10690754,0.20478754,0.11594406,7330.0,-1.2318418,1.0,36650.0,0.74
733,0.8477082,0.10693199,0.20479198,0.1159541,7340.0,-1.5200373,1.0,36700.0,0.54
734,0.8477164,0.10693526,0.20479344,0.115943216,7350.0,-1.358285,0.9,36750.0,0.58
735,0.84772563,0.1069297,0.20479003,0.115936734,7360.0,-1.7692862,0.8,36800.0,0.5
736,0.84773636,0.10694543,0.20479913,0.115926884,7370.0,-2.0634296,0.9,36850.0,0.6
737,0.84773874,0.106940426,0.20479673,0.11594075,7380.0,-1.08765,1.0,36900.0,0.54
738,0.8477574,0.10694465,0.20481087,0.11592672,7390.0,-1.0969198,1.0,36950.0,0.54
739,0.847776,0.106942214,0.20481874,0.11592171,7400.0,-0.8327985,1.0,37000.0,0.56
740,0.84779024,0.1069347,0.20482062,0.11590679,7410.0,-1.0482053,0.9,37050.0,0.64
741,0.84780663,0.106926866,0.204828,0.11590903,7420.0,-1.1808813,0.9,37100.0,0.52
742,0.8478311,0.106915124,0.2048276,0.115900256,7430.0,-1.8141832,0.7,37150.0,0.64
743,0.8478439,0.10693583,0.20483717,0.115894824,7440.0,-0.9149167,1.0,37200.0,0.56
744,0.84784704,0.10694172,0.20483816,0.11588421,7450.0,-0.8808357,1.0,37250.0,0.56
745,0.8478465,0.10697255,0.20483828,0.11589104,7460.0,-0.91298914,0.9,37300.0,0.54
746,0.8478579,0.10697653,0.20485158,0.11588608,7470.0,-1.3486817,0.9,37350.0,0.42
747,0.84787726,0.10699171,0.20485318,0.115867615,7480.0,-1.4956322,0.9,37400.0,0.48
748,0.84789485,0.10698724,0.20485502,0.115864925,7490.0,-0.9879899,0.9,37450.0,0.58
749,0.8479183,0.10697779,0.2048654,0.11586347,7500.0,-1.5632405,0.9,37500.0,0.56
750,0.84792846,0.10698232,0.2048673,0.11584566,7510.0,-1.8420426,0.8,37550.0,0.52
751,0.84793586,0.10697756,0.20486942,0.115836695,7520.0,-1.0631585,1.0,37600.0,0.5
752,0.8479411,0.106976725,0.20486142,0.115808286,7530.0,-1.2361777,1.0,37650.0,0.52
753,0.8479528,0.10696083,0.20485498,0.11579199,7540.0,-0.8493389,1.0,37700.0,0.6
754,0.8479581,0.10696938,0.20486194,0.11578297,7550.0,-0.7075558,1.0,37750.0,0.5
755,0.8479688,0.106967725,0.20485964,0.115797795,7560.0,-0.906103,1.0,37800.0,0.5
756,0.8479697,0.10696403,0.20485665,0.11578391,7570.0,-1.0612282,1.0,37850.0,0.58
757,0.84799355,0.10697898,0.20486218,0.11577331,7580.0,-1.4046252,1.0,37900.0,0.62
758,0.84799623,0.10701141,0.2048651,0.11577691,7590.0,-0.6501249,1.0,37950.0,0.5
759,0.8479944,0.10702821,0.20487083,0.115777105,7600.0,-1.2628274,1.0,38000.0,0.58
760,0.84800225,0.10703063,0.20487629,0.11575853,7610.0,-1.0292305,1.0,38050.0,0.68
761,0.8480163,0.10702765,0.20487185,0.11576509,7620.0,-1.8211963,0.9,38100.0,0.52
762,0.84801394,0.107040174,0.20487894,0.11576255,7630.0,-0.8971918,1.0,38150.0,0.58
763,0.8480337,0.10705101,0.2048883,0.1157516,7640.0,-0.7940216,1.0,38200.0,0.56
764,0.8480424,0.10708622,0.20489332,0.11578065,7650.0,-1.0707076,1.0,38250.0,0.44
765,0.8480626,0.10709393,0.20489872,0.115778245,7660.0,-1.1174963,1.0,38300.0,0.46
766,0.8480637,0.10710443,0.2049025,0.11579525,7670.0,-0.90110683,1.0,38350.0,0.6
767,0.84806985,0.107112326,0.20491165,0.1157789,7680.0,-1.2610418,1.0,38400.0,0.62
768,0.8480882,0.10712058,0.20492211,0.11577719,7690.0,-1.09426,0.9,38450.0,0.56
769,0.8481069,0.10712854,0.20492889,0.11576073,7700.0,-1.6622798,0.9,38500.0,0.58
770,0.848131,0.107138455,0.20492657,0.11576618,7710.0,-2.0095782,0.8,38550.0,0.54
771,0.8481347,0.10712723,0.20493625,0.115749314,7720.0,-1.3404089,1.0,38600.0,0.58
772,0.8481326,0.10712412,0.20494306,0.115751304,7730.0,-0.80314654,1.0,38650.0,0.62
773,0.84813815,0.10712931,0.20495008,0.11575089,7740.0,-1.5298169,0.9,38700.0,0.58
774,0.8481498,0.10711915,0.20495434,0.115764245,7750.0,-1.0578573,1.0,38750.0,0.56
775,0.84817195,0.10711324,0.2049575,0.11575286,7760.0,-0.95205843,1.0,38800.0,0.54
776,0.8481853,0.107121356,0.20496278,0.11573809,7770.0,-1.0189065,1.0,38850.0,0.58
777,0.84820366,0.107099086,0.20497008,0.11573157,7780.0,-1.375881,0.9,38900.0,0.6
778,0.84819555,0.10708871,0.20497254,0.11570489,7790.0,-0.7429756,1.0,38950.0,0.64
779,0.84819466,0.1070922,0.20497566,0.115702346,7800.0,-0.9908463,1.0,39000.0,0.62
780,0.84819216,0.10709215,0.20497239,0.11569162,7810.0,-0.85922575,0.9,39050.0,0.56
781,0.8482081,0.10707965,0.20498246,0.11568561,7820.0,-0.9702567,1.0,39100.0,0.56
782,0.8482062,0.10706947,0.20497854,0.115681686,7830.0,-0.9269058,1.0,39150.0,0.62
783,0.8482172,0.1070607,0.2049809,0.11568709,7840.0,-0.5174926,1.0,39200.0,0.56
784,0.8482263,0.10705829,0.2049864,0.11568469,7850.0,-1.1044182,0.9,39250.0,0.58
785,0.848259,0.10705944,0.20499393,0.11567462,7860.0,-1.1312487,0.9,39300.0,0.46
786,0.84827894,0.107046545,0.20499216,0.115660496,7870.0,-0.9821676,1.0,39350.0,0.48
787,0.8482974,0.107041486,0.20500353,0.11564727,7880.0,-1.1213634,0.9,39400.0,0.42
788,0.8483071,0.10704285,0.20499828,0.11563523,7890.0,-0.80889165,0.9,39450.0,0.44
789,0.84831876,0.107037365,0.20499644,0.115623534,7900.0,-1.0472597,1.0,39500.0,0.46
790,0.84833926,0.10704514,0.20499536,0.11562205,7910.0,-0.9263002,1.0,39550.0,0.46
791,0.8483452,0.107044846,0.20499884,0.11560601,7920.0,-1.0629528,1.0,39600.0,0.56
792,0.8483553,0.107036084,0.20499949,0.115597345,7930.0,-1.2842897,1.0,39650.0,0.64
793,0.84837055,0.10703471,0.2049975,0.11559092,7940.0,-1.4810789,1.0,39700.0,0.54
794,0.84836245,0.10705056,0.20499633,0.11559094,7950.0,-0.7788404,1.0,39750.0,0.68
795,0.8483649,0.10705948,0.2049996,0.11559814,7960.0,-1.3776524,0.9,39800.0,0.5
796,0.8483756,0.10709179,0.20499589,0.11558932,7970.0,-1.2153714,1.0,39850.0,0.38
797,0.8483863,0.10708031,0.20499645,0.11556781,7980.0,-1.1705376,1.0,39900.0,0.56
798,0.84838915,0.10707903,0.20499593,0.11556121,7990.0,-1.1519142,0.7,39950.0,0.56
799,0.84840894,0.10707889,0.20500155,0.115564115,8000.0,-1.0068383,1.0,40000.0,0.58
800,0.8483947,0.107075125,0.20500079,0.115567714,8010.0,-1.4591337,1.0,40050.0,0.6
801,0.8484013,0.10707321,0.20500226,0.11555712,8020.0,-1.0472991,0.9,40100.0,0.56
802,0.84840494,0.107064895,0.20499992,0.115547225,8030.0,-1.0436469,1.0,40150.0,0.58
803,0.84841895,0.10706666,0.20500274,0.11553965,8040.0,-0.6845959,1.0,40200.0,0.42
804,0.84842247,0.10707799,0.20500188,0.11554402,8050.0,-1.0256479,1.0,40250.0,0.58
805,0.8484154,0.10706238,0.20500354,0.11552027,8060.0,-1.3005726,1.0,40300.0,0.62
806,0.8484068,0.10706192,0.20500083,0.11553115,8070.0,-0.5166766,1.0,40350.0,0.54
807,0.84840536,0.107052,0.2050102,0.11551057,8080.0,-1.3512957,1.0,40400.0,0.58
808,0.8484187,0.10703658,0.20501514,0.11549346,8090.0,-1.0903145,0.9,40450.0,0.6
809,0.848425,0.10703885,0.2050075,0.11549351,8100.0,-1.3695014,1.0,40500.0,0.48
810,0.8484461,0.1070459,0.20500022,0.11547754,8110.0,-1.2985379,1.0,40550.0,0.6
811,0.8484707,0.10704961,0.2049933,0.11548738,8120.0,-0.895749,1.0,40600.0,0.48
812,0.84847134,0.10704652,0.20498982,0.11547039,8130.0,-1.3567598,1.0,40650.0,0.48
813,0.8484761,0.10703698,0.20499416,0.11547031,8140.0,-1.25956,1.0,40700.0,0.54
814,0.8484934,0.107017845,0.20500004,0.11545474,8150.0,-1.0572865,1.0,40750.0,0.56
815,0.8485047,0.10702541,0.2049987,0.11545897,8160.0,-0.9109362,1.0,40800.0,0.54
816,0.8484948,0.10702879,0.20499538,0.115474224,8170.0,-1.0026739,0.9,40850.0,0.64
817,0.8485027,0.10703358,0.20499048,0.11546189,8180.0,-1.4352905,0.9,40900.0,0.58
818,0.84851414,0.10702898,0.20499784,0.11545002,8190.0,-1.0116531,0.9,40950.0,0.54
819,0.84851694,0.10702989,0.20500359,0.11543415,8200.0,-1.0119995,1.0,41000.0,0.72
820,0.84852546,0.10701838,0.20500487,0.1154231,8210.0,-1.257608,0.9,41050.0,0.54
821,0.8485127,0.10701736,0.20499542,0.11542068,8220.0,-1.2482877,0.9,41100.0,0.6
822,0.8485162,0.10702125,0.2049913,0.1154206,8230.0,-1.3874004,0.8,41150.0,0.44
823,0.8485341,0.10701871,0.204997,0.11543035,8240.0,-0.5730742,1.0,41200.0,0.6
824,0.8485322,0.10705783,0.20499544,0.11543219,8250.0,-0.91982174,1.0,41250.0,0.52
825,0.84853774,0.107067235,0.20500004,0.1154311,8260.0,-0.9344633,1.0,41300.0,0.5
826,0.84854716,0.10706144,0.20499863,0.11541824,8270.0,-0.76371235,1.0,41350.0,0.48
827,0.8485468,0.10707334,0.20500189,0.11542023,8280.0,-0.9314629,0.8,41400.0,0.62
828,0.84854764,0.10709152,0.20500857,0.11542921,8290.0,-1.0647624,1.0,41450.0,0.56
829,0.8485423,0.10708984,0.20501341,0.11542538,8300.0,-1.123594,1.0,41500.0,0.56
830,0.8485438,0.10709091,0.2050196,0.11541551,8310.0,-1.3043364,0.9,41550.0,0.5
831,0.84855515,0.107112855,0.20502537,0.11540514,8320.0,-1.1138132,1.0,41600.0,0.5
832,0.8485656,0.10711533,0.20502974,0.11539152,8330.0,-0.79848087,1.0,41650.0,0.6
833,0.84857315,0.1071013,0.2050272,0.11538496,8340.0,-1.2433345,1.0,41700.0,0.58
834,0.84858227,0.1070961,0.20502824,0.115391776,8350.0,-0.89014435,0.9,41750.0,0.58
835,0.8485891,0.10710237,0.20503162,0.115392245,8360.0,-1.1691482,1.0,41800.0,0.58
836,0.84858894,0.10708805,0.20503867,0.1153949,8370.0,-1.038904,0.9,41850.0,0.64
837,0.84860134,0.10707577,0.20504206,0.11539568,8380.0,-1.5200967,0.8,41900.0,0.54
838,0.8486188,0.10710803,0.20504245,0.11539353,8390.0,-1.5447162,0.9,41950.0,0.4
839,0.8486181,0.10710288,0.20505032,0.11538835,8400.0,-0.8558402,1.0,42000.0,0.56
840,0.8486078,0.107086726,0.20505095,0.115382336,8410.0,-1.5379267,0.8,42050.0,0.56
841,0.8486138,0.10707557,0.20505312,0.1153892,8420.0,-1.5620463,1.0,42100.0,0.5
842,0.8486332,0.10707895,0.2050705,0.115386926,8430.0,-1.5581663,0.8,42150.0,0.56
843,0.8486287,0.10709556,0.20507199,0.1153984,8440.0,-1.7488629,0.9,42200.0,0.5
844,0.8486394,0.10709724,0.20507658,0.11538771,8450.0,-0.9988903,1.0,42250.0,0.5
845,0.84864205,0.10709826,0.20508173,0.115403615,8460.0,-1.418952,1.0,42300.0,0.44
846,0.8486419,0.10709548,0.20508026,0.11540877,8470.0,-1.2019389,1.0,42350.0,0.6
847,0.8486574,0.10708759,0.20507145,0.11540863,8480.0,-0.7996501,1.0,42400.0,0.5
848,0.8486695,0.10707813,0.20507517,0.11539528,8490.0,-1.4966862,1.0,42450.0,0.58
849,0.84867764,0.10707287,0.20507935,0.115387075,8500.0,-0.9370123,1.0,42500.0,0.72
850,0.84867644,0.107079215,0.20508236,0.11537992,8510.0,-1.1817794,0.9,42550.0,0.64
851,0.8486871,0.10708007,0.20508577,0.115378544,8520.0,-1.4396894,0.9,42600.0,0.56
852,0.8486793,0.107079886,0.20508376,0.11537529,8530.0,-0.8093176,1.0,42650.0,0.56
853,0.8486864,0.107082106,0.20509045,0.115372136,8540.0,-0.6773588,1.0,42700.0,0.54
854,0.8486924,0.10707278,0.20509678,0.11534797,8550.0,-1.3808677,0.8,42750.0,0.52
855,0.8486819,0.10706621,0.2050978,0.11535638,8560.0,-1.6106129,0.9,42800.0,0.62
856,0.8486855,0.10707491,0.2050963,0.11535406,8570.0,-1.1813112,1.0,42850.0,0.62
857,0.84869415,0.10707643,0.20509352,0.11536607,8580.0,-1.0381302,1.0,42900.0,0.58
858,0.84871364,0.10706208,0.20509264,0.1153579,8590.0,-0.88838595,1.0,42950.0,0.56
859,0.8487151,0.107055835,0.2050974,0.11534244,8600.0,-1.3374851,0.9,43000.0,0.52
860,0.84872127,0.10710221,0.20509665,0.11536553,8610.0,-1.7192898,0.9,43050.0,0.46
861,0.8487223,0.107094266,0.20509773,0.11536167,8620.0,-0.8542021,1.0,43100.0,0.46
862,0.84872776,0.10709855,0.2051021,0.11537143,8630.0,-1.180516,0.8,43150.0,0.48
863,0.848722,0.10709781,0.2050957,0.11538114,8640.0,-1.2796105,1.0,43200.0,0.6
864,0.8487325,0.10710031,0.2050948,0.115387484,8650.0,-1.2576649,1.0,43250.0,0.66
865,0.848737,0.107078366,0.20509493,0.115377836,8660.0,-1.1958258,0.9,43300.0,0.64
866,0.8487286,0.10707259,0.2050901,0.115375765,8670.0,-1.4453495,0.8,43350.0,0.56
867,0.8487353,0.1070818,0.20509367,0.11537783,8680.0,-1.5678108,1.0,43400.0,0.48
868,0.84873825,0.10706067,0.20509824,0.115360774,8690.0,-0.69535893,1.0,43450.0,0.7
869,0.84876007,0.107055366,0.2051026,0.115355045,8700.0,-1.5386713,0.9,43500.0,0.54
870,0.84876734,0.107040025,0.20510243,0.11535485,8710.0,-1.0582248,0.8,43550.0,0.5
871,0.848785,0.10704302,0.20509401,0.115359984,8720.0,-1.0642564,1.0,43600.0,0.52
872,0.8487902,0.10703962,0.20509416,0.115372784,8730.0,-1.0252845,1.0,43650.0,0.5
873,0.848792,0.107065104,0.20509422,0.11536585,8740.0,-1.971462,0.8,43700.0,0.46
874,0.8487939,0.10705963,0.2050967,0.11536112,8750.0,-1.4658897,0.9,43750.0,0.46
875,0.8487923,0.10704283,0.20509844,0.11534693,8760.0,-1.1418569,0.8,43800.0,0.52
876,0.8488047,0.107026964,0.20509796,0.11534269,8770.0,-1.612154,0.9,43850.0,0.64
877,0.8488149,0.10701335,0.20509599,0.11533193,8780.0,-0.978625,1.0,43900.0,0.52
878,0.8488191,0.10701332,0.2051011,0.11532357,8790.0,-0.7527087,1.0,43950.0,0.56
879,0.84882784,0.10700935,0.20510566,0.1153164,8800.0,-1.3006717,0.9,44000.0,0.58
880,0.84882975,0.107007004,0.20511067,0.11530078,8810.0,-1.680816,0.8,44050.0,0.52
881,0.84883976,0.106988735,0.20512383,0.11530547,8820.0,-0.8725874,1.0,44100.0,0.58
882,0.8488314,0.10697875,0.20512065,0.11530481,8830.0,-1.3249962,0.8,44150.0,0.56
883,0.8488396,0.10697538,0.20511886,0.11529837,8840.0,-1.066548,1.0,44200.0,0.56
884,0.8488541,0.1069777,0.20512015,0.11531565,8850.0,-1.0315561,1.0,44250.0,0.42
885,0.8488563,0.10697487,0.20512038,0.115300745,8860.0,-1.4114401,1.0,44300.0,0.56
886,0.84885836,0.10696506,0.20512551,0.1152838,8870.0,-1.3041584,0.9,44350.0,0.54
887,0.84886765,0.106963,0.20512226,0.11529632,8880.0,-0.9125875,1.0,44400.0,0.6
888,0.8488744,0.10694933,0.20512688,0.115276605,8890.0,-0.7022723,1.0,44450.0,0.56
889,0.8488813,0.106951125,0.20512362,0.11525808,8900.0,-1.143985,0.9,44500.0,0.52
890,0.84888834,0.10692505,0.20512833,0.11524859,8910.0,-1.1788558,1.0,44550.0,0.68
891,0.84888583,0.10693776,0.20512731,0.11525664,8920.0,-1.2632248,0.9,44600.0,0.5
892,0.8489104,0.10692554,0.20512943,0.115248896,8930.0,-2.1328747,0.9,44650.0,0.56
893,0.848923,0.1069267,0.20513827,0.11526784,8940.0,-0.4817385,1.0,44700.0,0.4
894,0.84891754,0.1069267,0.20514208,0.115259536,8950.0,-1.237966,1.0,44750.0,0.62
895,0.8489423,0.10692608,0.20514774,0.115244254,8960.0,-0.67815286,1.0,44800.0,0.46
896,0.84894806,0.10693351,0.20515087,0.11525175,8970.0,-0.81485415,1.0,44850.0,0.46
897,0.84895253,0.10694746,0.20514227,0.1152717,8980.0,-1.0883723,0.9,44900.0,0.46
898,0.8489608,0.10693586,0.20513862,0.11525466,8990.0,-1.0118393,1.0,44950.0,0.52
899,0.84895974,0.10693496,0.2051406,0.11525906,9000.0,-1.9414151,0.8,45000.0,0.44
900,0.848973,0.106945746,0.20514898,0.115266584,9010.0,-1.1838949,0.9,45050.0,0.56
901,0.8489759,0.10694983,0.20514673,0.11524585,9020.0,-1.2372224,1.0,45100.0,0.48
902,0.84897083,0.10694436,0.20514582,0.115240805,9030.0,-1.5233301,0.8,45150.0,0.54
903,0.8489733,0.10693169,0.20514761,0.11523963,9040.0,-1.1446427,0.8,45200.0,0.6
904,0.84897524,0.10692779,0.20514998,0.1152324,9050.0,-0.8737423,1.0,45250.0,0.66
905,0.8489836,0.10691226,0.20515022,0.115212075,9060.0,-0.47501358,1.0,45300.0,0.56
906,0.84899706,0.10692873,0.20515306,0.11520903,9070.0,-1.0178622,0.9,45350.0,0.48
907,0.84900254,0.106948644,0.20515612,0.11521571,9080.0,-1.19274,0.8,45400.0,0.44
908,0.84901786,0.10693979,0.20516163,0.11521169,9090.0,-1.455645,0.8,45450.0,0.66
909,0.8490114,0.106927894,0.20516339,0.11520968,9100.0,-1.2233375,0.8,45500.0,0.58
910,0.8490136,0.10690961,0.20516448,0.11519554,9110.0,-1.2438,0.8,45550.0,0.68
911,0.8490124,0.10690403,0.20516728,0.11520029,9120.0,-0.77399427,0.9,45600.0,0.62
912,0.84902096,0.106914856,0.20517126,0.11520066,9130.0,-0.86460245,0.9,45650.0,0.52
913,0.8490316,0.10690603,0.20516694,0.115210816,9140.0,-1.083329,1.0,45700.0,0.64
914,0.8490475,0.10689583,0.20517184,0.11519565,9150.0,-1.0398133,1.0,45750.0,0.52
915,0.8490653,0.10689363,0.20517331,0.115193024,9160.0,-1.1684914,1.0,45800.0,0.46
916,0.84907436,0.10689014,0.20517349,0.11517308,9170.0,-0.68488896,1.0,45850.0,0.56
917,0.8490701,0.10688094,0.20517153,0.11517273,9180.0,-0.8607913,1.0,45900.0,0.62
918,0.8490651,0.10685453,0.20517027,0.1151548,9190.0,-0.92703617,1.0,45950.0,0.56
919,0.8490711,0.10686535,0.20516716,0.11516361,9200.0,-1.3762767,0.9,46000.0,0.46
920,0.849075,0.10684989,0.20516779,0.11514752,9210.0,-1.5291393,0.9,46050.0,0.62
921,0.84907246,0.106837116,0.20516407,0.11514542,9220.0,-0.81942713,1.0,46100.0,0.48
922,0.8490896,0.10683302,0.20517163,0.11514994,9230.0,-0.92756826,1.0,46150.0,0.46
923,0.8490896,0.10682797,0.20517616,0.11513878,9240.0,-0.8793766,1.0,46200.0,0.5
924,0.8490896,0.106815636,0.20517132,0.11514142,9250.0,-0.6621994,1.0,46250.0,0.64
925,0.8490936,0.10680711,0.205172,0.11513421,9260.0,-1.1158044,1.0,46300.0,0.52
926,0.8490967,0.1068069,0.20516844,0.11512599,9270.0,-1.3329293,0.7,46350.0,0.56
927,0.8490965,0.106806345,0.20516956,0.115126655,9280.0,-1.4894047,1.0,46400.0,0.54
928,0.84910923,0.10679102,0.20516995,0.11511234,9290.0,-1.265927,1.0,46450.0,0.5
929,0.8491106,0.10681584,0.20516516,0.11512871,9300.0,-1.6910645,0.7,46500.0,0.62
930,0.84912485,0.10682401,0.20516615,0.115118176,9310.0,-1.5036336,1.0,46550.0,0.54
931,0.84912395,0.10683847,0.20516956,0.115138866,9320.0,-0.8710103,1.0,46600.0,0.56
932,0.8491221,0.10682138,0.20517085,0.11512335,9330.0,-1.9742553,0.9,46650.0,0.58
933,0.8491168,0.10681182,0.20516925,0.11511547,9340.0,-1.2404087,0.9,46700.0,0.6
934,0.84912676,0.10679391,0.20517908,0.115105025,9350.0,-1.1112729,0.9,46750.0,0.56
935,0.8491211,0.10678265,0.20518719,0.115099885,9360.0,-1.1619408,1.0,46800.0,0.54
936,0.849123,0.10677403,0.20518298,0.11510076,9370.0,-0.5067742,1.0,46850.0,0.5
937,0.8491254,0.10676432,0.20518595,0.11509286,9380.0,-1.1883708,1.0,46900.0,0.5
938,0.849116,0.106744654,0.20518206,0.11507518,9390.0,-1.2816544,0.9,46950.0,0.56
939,0.8491337,0.10674728,0.20518503,0.11505717,9400.0,-2.1562705,0.9,47000.0,0.48
940,0.84913534,0.106742285,0.20518814,0.11505974,9410.0,-0.84172696,0.9,47050.0,0.42
941,0.849144,0.1067214,0.20519157,0.11505651,9420.0,-1.3811365,0.8,47100.0,0.6
942,0.84914094,0.106724344,0.2051956,0.11506668,9430.0,-0.8220698,1.0,47150.0,0.56
943,0.84914416,0.106713,0.20520419,0.115062416,9440.0,-0.7749926,1.0,47200.0,0.5
944,0.8491492,0.10671858,0.20520851,0.115077324,9450.0,-1.0373619,0.8,47250.0,0.42
945,0.8491461,0.10671184,0.20520982,0.11506755,9460.0,-0.69554913,0.9,47300.0,0.62
946,0.84916097,0.10670289,0.20521505,0.115048796,9470.0,-1.2542336,1.0,47350.0,0.56
947,0.8491668,0.106696844,0.20521472,0.1150266,9480.0,-2.4694679,0.7,47400.0,0.54
948,0.8491754,0.106698416,0.20521952,0.115005724,9490.0,-1.3634812,0.9,47450.0,0.5
949,0.84918094,0.10668298,0.2052141,0.1149885,9500.0,-0.9218731,1.0,47500.0,0.64
950,0.84918755,0.10668372,0.20520906,0.11498103,9510.0,-0.82472706,0.9,47550.0,0.44
951,0.84919167,0.10667068,0.20521368,0.11497223,9520.0,-1.0777762,0.9,47600.0,0.56
952,0.84920216,0.10666143,0.20521238,0.11496265,9530.0,-0.9907986,1.0,47650.0,0.44
953,0.84921247,0.106643386,0.2052139,0.11498445,9540.0,-0.946561,1.0,47700.0,0.42
954,0.8492101,0.10663555,0.20521286,0.114973046,9550.0,-1.0341114,1.0,47750.0,0.48
955,0.84920186,0.10664607,0.20521416,0.11497099,9560.0,-1.1696537,0.9,47800.0,0.58
956,0.8492128,0.10665676,0.20520726,0.11496642,9570.0,-0.7941322,1.0,47850.0,0.52
957,0.84921783,0.1066522,0.20520887,0.11496343,9580.0,-0.8745788,1.0,47900.0,0.52
958,0.8492299,0.10665091,0.20520805,0.114950486,9590.0,-1.2157807,1.0,47950.0,0.52
959,0.8492362,0.10664325,0.20521346,0.11494008,9600.0,-1.1132467,0.9,48000.0,0.48
960,0.8492434,0.106637575,0.20521438,0.11492675,9610.0,-1.3881618,0.9,48050.0,0.52
961,0.8492469,0.10662363,0.20521359,0.11492343,9620.0,-0.6703035,1.0,48100.0,0.66
962,0.849243,0.10660843,0.20521213,0.11491363,9630.0,-0.94358474,1.0,48150.0,0.7
963,0.8492542,0.106601715,0.20520532,0.11491765,9640.0,-0.54094875,1.0,48200.0,0.58
964,0.8492656,0.106595166,0.2052057,0.11490654,9650.0,-0.8568319,1.0,48250.0,0.4
965,0.84926796,0.1065901,0.20521152,0.11490471,9660.0,-0.6147221,1.0,48300.0,0.46
966,0.8492696,0.10659009,0.2052089,0.114909075,9670.0,-1.4365809,0.8,48350.0,0.56
967,0.8492785,0.10659829,0.20521362,0.11489572,9680.0,-1.5690051,0.7,48400.0,0.44
968,0.8493056,0.10659903,0.2052178,0.11489668,9690.0,-0.80623037,1.0,48450.0,0.64
969,0.849305,0.10660076,0.20521455,0.11489305,9700.0,-1.0718117,0.9,48500.0,0.48
970,0.8492964,0.10660107,0.20520931,0.11488578,9710.0,-0.990133,1.0,48550.0,0.46
971,0.84929353,0.10659631,0.20521449,0.11487845,9720.0,-1.4259439,0.9,48600.0,0.58
972,0.84929115,0.10658743,0.20521995,0.114862114,9730.0,-1.0381655,0.9,48650.0,0.58
973,0.8492946,0.10659542,0.20521605,0.11486845,9740.0,-0.8486258,1.0,48700.0,0.48
974,0.84929746,0.10658086,0.20521578,0.114850886,9750.0,-1.2868955,1.0,48750.0,0.54
975,0.84929913,0.10657736,0.20522015,0.11484572,9760.0,-0.8844783,1.0,48800.0,0.46
976,0.84930164,0.10659933,0.2052216,0.114858516,9770.0,-0.72556686,1.0,48850.0,0.44
977,0.84929293,0.106600374,0.20521949,0.11485935,9780.0,-0.9674921,1.0,48900.0,0.64
978,0.8492957,0.1065858,0.20521568,0.11484514,9790.0,-0.54672873,1.0,48950.0,0.5
979,0.84930253,0.10657366,0.20521854,0.11483209,9800.0,-0.90005827,0.9,49000.0,0.54
980,0.8492941,0.10657639,0.20521688,0.11482866,9810.0,-0.5874913,1.0,49050.0,0.5
981,0.8492958,0.106562145,0.20521656,0.11479728,9820.0,-0.8112849,0.9,49100.0,0.6
982,0.84929436,0.10657359,0.20521708,0.11481109,9830.0,-0.7775029,1.0,49150.0,0.58
983,0.8492915,0.1065639,0.20521921,0.11480025,9840.0,-0.84418553,1.0,49200.0,0.54
984,0.84928995,0.106558144,0.20521936,0.114792004,9850.0,-1.0898426,1.0,49250.0,0.58
985,0.8492909,0.1065402,0.20521633,0.11479246,9860.0,-0.8517252,0.9,49300.0,0.54
986,0.8492954,0.10653954,0.20522499,0.11478341,9870.0,-0.81612647,1.0,49350.0,0.52
987,0.8492947,0.10653076,0.20522529,0.11478929,9880.0,-1.2740072,1.0,49400.0,0.54
988,0.8492864,0.10652155,0.20521969,0.11479082,9890.0,-1.0545232,1.0,49450.0,0.66
989,0.8492947,0.10652179,0.2052199,0.11478333,9900.0,-1.4533435,0.8,49500.0,0.48
990,0.8492982,0.106529355,0.20521955,0.11478899,9910.0,-1.3320698,0.9,49550.0,0.54
991,0.8493113,0.10651899,0.20521724,0.11478422,9920.0,-0.70181185,1.0,49600.0,0.5
992,0.84932965,0.10653057,0.20521797,0.114793085,9930.0,-1.6402029,0.8,49650.0,0.52
993,0.8493137,0.106549025,0.20521498,0.11480526,9940.0,-0.6796113,0.9,49700.0,0.54
994,0.8493271,0.10655267,0.20521736,0.11480686,9950.0,-1.0369837,1.0,49750.0,0.48
995,0.84932464,0.10654047,0.20522137,0.11481323,9960.0,-1.2563952,1.0,49800.0,0.52
996,0.8493231,0.106526144,0.20522095,0.11480138,9970.0,-0.46886173,1.0,49850.0,0.62
997,0.8493112,0.10652063,0.2052192,0.11478979,9980.0,-0.73821867,1.0,49900.0,0.52
998,0.8493163,0.10651994,0.20520948,0.114777744,9990.0,-0.9981924,0.9,49950.0,0.48
999,0.8493242,0.10652343,0.2052151,0.11476431,10000.0,-1.8483241,0.9,50000.0,0.6
1000,0.8493281,0.10651177,0.20521581,0.11475002,10010.0,-1.4892294,0.9,50050.0,0.54
1001,0.8493293,0.10649982,0.20520778,0.11475366,10020.0,-0.96675825,1.0,50100.0,0.52
1002,0.84932595,0.10649094,0.20521322,0.11475305,10030.0,-1.1751069,1.0,50150.0,0.64
1003,0.8493345,0.106481396,0.20521407,0.11473526,10040.0,-1.3047309,1.0,50200.0,0.58
1004,0.84933233,0.10648624,0.20521422,0.11474309,10050.0,-0.8333815,1.0,50250.0,0.54
1005,0.8493231,0.106489755,0.20522137,0.11474886,10060.0,-0.85181725,1.0,50300.0,0.6
1006,0.8493275,0.1064845,0.20521997,0.1147449,10070.0,-1.0677513,1.0,50350.0,0.54
1007,0.84933805,0.106473304,0.20522144,0.114728734,10080.0,-0.6099599,1.0,50400.0,0.6
1008,0.84933823,0.106476724,0.20522137,0.11471945,10090.0,-1.2027634,0.9,50450.0,0.44
1009,0.84933394,0.1064578,0.20522709,0.11471806,10100.0,-1.0990459,0.9,50500.0,0.56
1010,0.8493406,0.10645481,0.2052344,0.11472483,10110.0,-0.90708125,0.9,50550.0,0.44
1011,0.8493543,0.10645357,0.20523222,0.114714146,10120.0,-0.88422525,1.0,50600.0,0.42
1012,0.84935457,0.10646099,0.2052338,0.11470965,10130.0,-0.6229903,1.0,50650.0,0.52
1013,0.84935313,0.10645036,0.20523956,0.1146997,10140.0,-1.2118552,1.0,50700.0,0.62
1014,0.8493514,0.10645456,0.20524003,0.11469932,10150.0,-1.0780222,0.9,50750.0,0.5
1015,0.8493516,0.106461056,0.20523499,0.11469831,10160.0,-1.7630354,0.9,50800.0,0.48
1016,0.8493555,0.10645059,0.20523502,0.1146869,10170.0,-0.53346246,1.0,50850.0,0.54
1017,0.8493662,0.10646415,0.20524602,0.11470394,10180.0,-0.97124064,1.0,50900.0,0.52
1018,0.8493708,0.10645274,0.20524971,0.11470277,10190.0,-1.4011438,1.0,50950.0,0.52
1019,0.8493647,0.106452025,0.20524667,0.11468807,10200.0,-0.904945,1.0,51000.0,0.54
1020,0.84936076,0.10643649,0.20525046,0.11469055,10210.0,-0.7603954,1.0,51050.0,0.58
1021,0.8493559,0.10643319,0.20525457,0.114694566,10220.0,-0.864509,1.0,51100.0,0.54
1022,0.8493557,0.10643048,0.20525831,0.11468675,10230.0,-0.7018963,1.0,51150.0,0.48
1023,0.84936196,0.10643629,0.20525052,0.114685945,10240.0,-1.148881,1.0,51200.0,0.52
1024,0.8493552,0.106428616,0.2052573,0.11468623,10250.0,-1.4010702,0.9,51250.0,0.48
1025,0.84935975,0.10642157,0.20526455,0.114691794,10260.0,-1.3877507,0.9,51300.0,0.58
1026,0.84935933,0.10641086,0.20526157,0.11468844,10270.0,-1.0329403,1.0,51350.0,0.54
1027,0.8493511,0.10638896,0.20526391,0.11469223,10280.0,-1.1476398,0.9,51400.0,0.62
1028,0.84936094,0.10638664,0.20527133,0.11468665,10290.0,-0.75755405,1.0,51450.0,0.52
1029,0.84937406,0.106372654,0.2052754,0.11467194,10300.0,-1.4482733,0.9,51500.0,0.42
1030,0.8493754,0.106381446,0.20527402,0.11466745,10310.0,-0.78627956,1.0,51550.0,0.52
1031,0.8493745,0.10637673,0.2052756,0.11466201,10320.0,-0.9048542,1.0,51600.0,0.56
1032,0.84937793,0.10636851,0.20527942,0.11464527,10330.0,-1.2991366,1.0,51650.0,0.6
1033,0.8493778,0.106367685,0.20527996,0.114644796,10340.0,-1.0792086,1.0,51700.0,0.52
1034,0.84937423,0.10635791,0.2052823,0.11465018,10350.0,-1.0609279,1.0,51750.0,0.66
1035,0.849385,0.10636467,0.20527631,0.11465655,10360.0,-0.7182454,1.0,51800.0,0.46
1036,0.8493891,0.106357075,0.20527212,0.11464331,10370.0,-1.0608636,1.0,51850.0,0.54
1037,0.8493977,0.106354795,0.2052738,0.11462925,10380.0,-1.3739805,0.8,51900.0,0.5
1038,0.8494012,0.10635128,0.20527759,0.11460971,10390.0,-0.76829636,1.0,51950.0,0.52
1039,0.84941053,0.1063433,0.20527765,0.114606425,10400.0,-1.5859816,1.0,52000.0,0.58
1040,0.8494108,0.10635132,0.2052788,0.11461894,10410.0,-1.1010168,0.9,52050.0,0.44
1041,0.8494207,0.106345765,0.20528127,0.11460695,10420.0,-1.1390502,1.0,52100.0,0.64
1042,0.84943223,0.10633632,0.20528148,0.114598446,10430.0,-1.170546,1.0,52150.0,0.56
1043,0.8494358,0.10633988,0.2052764,0.11458945,10440.0,-0.93478566,1.0,52200.0,0.52
1044,0.8494356,0.10632089,0.20527555,0.11458358,10450.0,-1.9902385,0.9,52250.0,0.56
1045,0.84944814,0.10631917,0.2052733,0.11457596,10460.0,-1.0034719,1.0,52300.0,0.5
1046,0.8494599,0.10631484,0.20527615,0.11456036,10470.0,-1.1951159,1.0,52350.0,0.56
1047,0.8494703,0.10631896,0.20528167,0.11454872,10480.0,-1.5639923,0.9,52400.0,0.5
1048,0.84948605,0.10631422,0.20528021,0.11452967,10490.0,-0.8907873,1.0,52450.0,0.56
1049,0.8494949,0.106312536,0.20528032,0.11452317,10500.0,-0.70737946,1.0,52500.0,0.58
1050,0.84949064,0.10631126,0.20528178,0.11451886,10510.0,-1.3323654,1.0,52550.0,0.6
1051,0.84950095,0.10632136,0.2052863,0.11452828,10520.0,-0.64040023,1.0,52600.0,0.5
1052,0.8494992,0.10631027,0.20528182,0.11451404,10530.0,-1.1335536,0.9,52650.0,0.64
1053,0.8495119,0.1063037,0.2052794,0.11449457,10540.0,-1.1651777,1.0,52700.0,0.5
1054,0.84951884,0.106323846,0.20528188,0.114503235,10550.0,-0.8392914,1.0,52750.0,0.48
1055,0.8495271,0.10631573,0.20528342,0.11449212,10560.0,-1.1937847,1.0,52800.0,0.6
1056,0.84952784,0.106297016,0.20528162,0.11447926,10570.0,-0.9180317,1.0,52850.0,0.58
1057,0.8495385,0.10628175,0.20527792,0.11447059,10580.0,-1.2083831,1.0,52900.0,0.54
1058,0.84954494,0.10627499,0.20528117,0.114463665,10590.0,-1.1943177,1.0,52950.0,0.58
1059,0.84954697,0.10627824,0.20528296,0.114448994,10600.0,-0.75291026,1.0,53000.0,0.52
1060,0.84955806,0.10628889,0.20528042,0.11445654,10610.0,-1.4610301,1.0,53050.0,0.38
1061,0.84956366,0.1063033,0.20528948,0.1144555,10620.0,-1.262639,0.9,53100.0,0.56
1062,0.8495638,0.1063044,0.2052957,0.114447586,10630.0,-0.8444384,1.0,53150.0,0.64
1063,0.84957296,0.10629653,0.20529361,0.11443798,10640.0,-1.0371455,1.0,53200.0,0.6
1064,0.84957886,0.106293045,0.2052983,0.114435375,10650.0,-1.3297322,1.0,53250.0,0.5
1065,0.8495956,0.106307656,0.20529756,0.11444798,10660.0,-0.8704507,0.9,53300.0,0.42
1066,0.84960526,0.106290914,0.20529394,0.114427194,10670.0,-1.0009557,1.0,53350.0,0.52
1067,0.84960556,0.10629027,0.20529339,0.11442735,10680.0,-0.7552401,1.0,53400.0,0.56
1068,0.849612,0.106284104,0.20529543,0.11441271,10690.0,-0.93407315,1.0,53450.0,0.54
1069,0.8496123,0.10627484,0.20529947,0.11441826,10700.0,-0.88299286,1.0,53500.0,0.62
1070,0.8496137,0.10627026,0.20530225,0.11441536,10710.0,-1.1293703,0.9,53550.0,0.58
1071,0.84962255,0.106258176,0.20531295,0.1144091,10720.0,-1.251597,0.9,53600.0,0.6
1072,0.84961814,0.10626175,0.20531027,0.1144065,10730.0,-1.2092519,0.9,53650.0,0.64
1073,0.8496334,0.10626161,0.20531546,0.11440116,10740.0,-1.1589524,1.0,53700.0,0.4
1074,0.84964657,0.10627506,0.20531997,0.11439988,10750.0,-1.3483337,0.9,53750.0,0.52
1075,0.8496458,0.106283605,0.20531157,0.114399,10760.0,-1.1943004,0.9,53800.0,0.36
1076,0.8496509,0.10629931,0.20531513,0.114390366,10770.0,-0.6797789,1.0,53850.0,0.54
1077,0.8496568,0.10630525,0.20531832,0.11438541,10780.0,-0.82841647,1.0,53900.0,0.56
1078,0.8496525,0.10630127,0.20531555,0.11438527,10790.0,-1.0875194,1.0,53950.0,0.62
1079,0.84966105,0.10630309,0.2053184,0.11438717,10800.0,-0.91552764,0.9,54000.0,0.44
1080,0.8496596,0.10629645,0.20531832,0.11438491,10810.0,-1.349368,0.9,54050.0,0.66
1081,0.8496488,0.106302224,0.20531894,0.11438907,10820.0,-0.8343506,1.0,54100.0,0.5
1082,0.8496482,0.106295936,0.205315,0.114379294,10830.0,-1.2563131,0.9,54150.0,0.5
1083,0.8496501,0.106289804,0.2053169,0.11438087,10840.0,-0.8595627,1.0,54200.0,0.48
1084,0.84965867,0.10628588,0.20532161,0.114376284,10850.0,-0.8181757,1.0,54250.0,0.54
1085,0.84965587,0.10628898,0.20531878,0.11437809,10860.0,-0.7717396,1.0,54300.0,0.56
1086,0.8496606,0.10628543,0.205324,0.11437304,10870.0,-1.117468,1.0,54350.0,0.44
1087,0.8496639,0.10627249,0.20532747,0.11436329,10880.0,-0.85408705,1.0,54400.0,0.64
1088,0.8496718,0.10627849,0.20532914,0.11435983,10890.0,-0.7938117,1.0,54450.0,0.5
1089,0.84966993,0.106270075,0.20532149,0.11435462,10900.0,-0.7641119,1.0,54500.0,0.6
1090,0.84967405,0.10626322,0.20531818,0.114348486,10910.0,-1.3664242,0.9,54550.0,0.62
1091,0.84967947,0.10624804,0.20531806,0.114352874,10920.0,-1.181315,1.0,54600.0,0.48
1092,0.8496809,0.10624971,0.20531954,0.1143435,10930.0,-0.65154,1.0,54650.0,0.62
1093,0.8496763,0.10625088,0.2053166,0.11433786,10940.0,-1.2775416,0.9,54700.0,0.58
1094,0.8496761,0.10625421,0.20531687,0.11433589,10950.0,-1.5845294,0.8,54750.0,0.5
1095,0.84968305,0.106252514,0.20532508,0.11432356,10960.0,-0.7471925,1.0,54800.0,0.56
1096,0.8496907,0.10624451,0.20532747,0.1143151,10970.0,-0.6345676,1.0,54850.0,0.46
1097,0.8496942,0.10623873,0.20532541,0.11431731,10980.0,-1.4646076,0.9,54900.0,0.5
1098,0.84969705,0.10624001,0.2053253,0.11431533,10990.0,-0.77843344,1.0,54950.0,0.44
1099,0.84969395,0.10623392,0.20532861,0.11429606,11000.0,-0.8623533,0.9,55000.0,0.66
1100,0.84969926,0.106216885,0.20532499,0.11429137,11010.0,-0.86182106,1.0,55050.0,0.56
1101,0.84970313,0.1062145,0.20532751,0.11428956,11020.0,-0.7637168,1.0,55100.0,0.46
1102,0.8497216,0.1062151,0.20532872,0.11428965,11030.0,-0.73879266,1.0,55150.0,0.42
1103,0.8497223,0.10620616,0.20532781,0.114296526,11040.0,-0.79578435,1.0,55200.0,0.6
1104,0.84972405,0.106201135,0.20533198,0.11429765,11050.0,-1.2282976,0.9,55250.0,0.56
1105,0.8497281,0.10622653,0.20533583,0.11431361,11060.0,-0.98098457,1.0,55300.0,0.48
1106,0.84971744,0.10623837,0.20533076,0.11430948,11070.0,-1.2364234,1.0,55350.0,0.56
1107,0.84972245,0.106224,0.20532985,0.11430704,11080.0,-0.8341088,1.0,55400.0,0.54
1108,0.8497331,0.10621997,0.20533113,0.114297934,11090.0,-0.98184764,1.0,55450.0,0.46
1109,0.8497419,0.10620775,0.20533359,0.114301436,11100.0,-0.87956953,1.0,55500.0,0.6
1110,0.84973925,0.10621265,0.20533314,0.11430333,11110.0,-0.9756918,1.0,55550.0,0.48
1111,0.84974146,0.10621327,0.20533986,0.114300795,11120.0,-1.0351641,1.0,55600.0,0.6
1112,0.8497529,0.10621,0.20534186,0.114292935,11130.0,-0.7217414,1.0,55650.0,0.46
1113,0.84975886,0.10620183,0.20534116,0.11428581,11140.0,-0.9578406,1.0,55700.0,0.58
1114,0.84975916,0.1062187,0.20534255,0.11428831,11150.0,-0.4445743,1.0,55750.0,0.6
1115,0.84976435,0.1062153,0.20535184,0.114277646,11160.0,-1.3378551,0.9,55800.0,0.5
1116,0.8497758,0.106216915,0.20535274,0.11427373,11170.0,-0.92965853,1.0,55850.0,0.48
1117,0.8497682,0.10622895,0.20535211,0.114272326,11180.0,-1.2713702,0.8,55900.0,0.44
1118,0.84976584,0.10621625,0.20534931,0.114266776,11190.0,-1.199592,0.9,55950.0,0.6
1119,0.8497739,0.10620692,0.2053479,0.11425966,11200.0,-1.0903296,0.9,56000.0,0.6
1120,0.84977335,0.10620757,0.20535079,0.114259414,11210.0,-1.1652979,1.0,56050.0,0.52
1121,0.84977555,0.1062004,0.20535097,0.11425215,11220.0,-1.0497926,1.0,56100.0,0.56
1122,0.8497822,0.106200814,0.20535313,0.11424702,11230.0,-1.1739473,1.0,56150.0,0.46
1123,0.8497853,0.106190614,0.20535044,0.11425051,11240.0,-0.8913387,1.0,56200.0,0.64
1124,0.8497777,0.10618933,0.20535153,0.1142528,11250.0,-0.96705246,1.0,56250.0,0.62
1125,0.84978276,0.10618835,0.20535134,0.11426425,11260.0,-1.46183,1.0,56300.0,0.48
1126,0.8497911,0.10617537,0.20535293,0.11425121,11270.0,-0.9892187,0.9,56350.0,0.54
1127,0.84979945,0.106166124,0.20535573,0.11424558,11280.0,-1.0792096,1.0,56400.0,0.58
1128,0.84981704,0.10616223,0.20535897,0.11425222,11290.0,-0.6071871,1.0,56450.0,0.52
1129,0.8498273,0.106167465,0.20536071,0.11425038,11300.0,-0.8520333,1.0,56500.0,0.54
1130,0.8498326,0.10614926,0.20535862,0.11423791,11310.0,-1.9423631,0.7,56550.0,0.68
1131,0.84983593,0.10613852,0.2053607,0.11422274,11320.0,-1.3846048,0.9,56600.0,0.5
1132,0.8498375,0.10613841,0.20536438,0.11421935,11330.0,-0.910989,1.0,56650.0,0.62
1133,0.84983975,0.106131546,0.20536634,0.11420839,11340.0,-0.8899854,1.0,56700.0,0.52
1134,0.8498432,0.10613063,0.20536827,0.114197254,11350.0,-1.4204295,0.9,56750.0,0.56
1135,0.84984845,0.10612646,0.20536646,0.11419774,11360.0,-0.60815865,1.0,56800.0,0.52
1136,0.8498481,0.10613794,0.2053666,0.11419682,11370.0,-1.2758988,0.8,56850.0,0.52
1137,0.8498514,0.10612845,0.20536904,0.11418882,11380.0,-0.92940426,1.0,56900.0,0.54
1138,0.8498551,0.10612884,0.20537065,0.11418679,11390.0,-0.99211234,0.9,56950.0,0.6
1139,0.84985405,0.10611913,0.20537277,0.11417695,11400.0,-1.024452,1.0,57000.0,0.58
1140,0.84985965,0.10612869,0.20537524,0.11418315,11410.0,-1.209312,0.9,57050.0,0.48
1141,0.8498586,0.106130205,0.20537472,0.11418969,11420.0,-1.1283066,0.9,57100.0,0.56
1142,0.8498606,0.106130265,0.20537256,0.11418428,11430.0,-0.78970283,0.9,57150.0,0.64
1143,0.84986144,0.10612909,0.20537436,0.11418101,11440.0,-1.1403316,0.9,57200.0,0.52
1144,0.84985954,0.106117964,0.20537058,0.11417572,11450.0,-1.265613,0.9,57250.0,0.52
1145,0.8498552,0.10611183,0.20536949,0.11417396,11460.0,-1.2026567,1.0,57300.0,0.48
1146,0.8498619,0.10612755,0.20537186,0.11416934,11470.0,-0.8869009,1.0,57350.0,0.5
1147,0.849865,0.10612474,0.20537572,0.11416528,11480.0,-0.9126096,1.0,57400.0,0.52
1148,0.84985906,0.10616835,0.20537567,0.114195645,11490.0,-1.2050366,1.0,57450.0,0.52
1149,0.8498659,0.10616028,0.20537765,0.114194736,11500.0,-1.2085632,1.0,57500.0,0.48
1150,0.84986854,0.10615329,0.20537473,0.11419073,11510.0,-0.96490943,1.0,57550.0,0.56
1151,0.8498648,0.10614229,0.20537466,0.11416935,11520.0,-0.9506345,1.0,57600.0,0.6
1152,0.84986717,0.10613719,0.20537797,0.11416483,11530.0,-0.90362513,1.0,57650.0,0.62
1153,0.8498667,0.10613074,0.20537484,0.114160545,11540.0,-0.9033211,1.0,57700.0,0.56
1154,0.8498644,0.106127866,0.20537773,0.11415453,11550.0,-0.9159347,1.0,57750.0,0.52
1155,0.8498755,0.106119126,0.20537443,0.11414872,11560.0,-1.049278,1.0,57800.0,0.6
1156,0.8498754,0.10614052,0.20538215,0.11415934,11570.0,-0.918318,1.0,57850.0,0.46
1157,0.84988064,0.1061432,0.20538513,0.11415067,11580.0,-1.1467664,1.0,57900.0,0.56
1158,0.8498929,0.10613412,0.20538539,0.114149265,11590.0,-1.0821687,1.0,57950.0,0.54
1159,0.84989357,0.106157474,0.20538096,0.11415778,11600.0,-1.1208515,0.9,58000.0,0.44
1160,0.84988815,0.10616668,0.2053776,0.11415821,11610.0,-1.6234148,0.8,58050.0,0.52
1161,0.849883,0.10616105,0.20537929,0.114154264,11620.0,-0.895445,1.0,58100.0,0.56
1162,0.849883,0.106156506,0.20537984,0.11414402,11630.0,-0.64537776,1.0,58150.0,0.52
1163,0.8498903,0.10615391,0.205382,0.114134595,11640.0,-0.98749316,1.0,58200.0,0.64
1164,0.8498986,0.106162585,0.20538487,0.11413468,11650.0,-0.6081969,1.0,58250.0,0.5
1165,0.8498926,0.10615725,0.20538191,0.11414673,11660.0,-1.2158885,1.0,58300.0,0.58
1166,0.84990305,0.106149495,0.20538324,0.114142075,11670.0,-0.80028164,1.0,58350.0,0.54
1167,0.84990054,0.1061436,0.20538144,0.114137486,11680.0,-0.9822256,1.0,58400.0,0.58
1168,0.84990317,0.10613807,0.20538689,0.11412644,11690.0,-1.1336735,0.9,58450.0,0.48
1169,0.84990096,0.10615459,0.20538363,0.11413754,11700.0,-1.0485004,1.0,58500.0,0.58
1170,0.8499072,0.106159836,0.20538418,0.11414123,11710.0,-1.0745798,1.0,58550.0,0.52
1171,0.8499051,0.106144965,0.20538412,0.1141356,11720.0,-1.1095968,1.0,58600.0,0.54
1172,0.8499174,0.10614411,0.20538576,0.11413017,11730.0,-0.76384354,1.0,58650.0,0.4
1173,0.84991264,0.106180705,0.205387,0.11415036,11740.0,-0.88818425,1.0,58700.0,0.52
1174,0.8499158,0.106169455,0.20538321,0.11413882,11750.0,-1.3756566,0.9,58750.0,0.54
1175,0.8499213,0.10616997,0.20538786,0.11412838,11760.0,-1.047579,1.0,58800.0,0.56
1176,0.84992695,0.106163345,0.20539065,0.11411914,11770.0,-1.0169783,1.0,58850.0,0.52
1177,0.84992385,0.10616195,0.20539394,0.11411946,11780.0,-0.8540592,1.0,58900.0,0.64
1178,0.8499344,0.106152855,0.20539622,0.11411017,11790.0,-1.0060642,1.0,58950.0,0.44
1179,0.84994024,0.10614326,0.20540242,0.1141121,11800.0,-0.9034176,0.9,59000.0,0.54
1180,0.84995174,0.10613003,0.20539916,0.114111185,11810.0,-1.364032,0.9,59050.0,0.56
1181,0.84996134,0.10612156,0.20539671,0.11411122,11820.0,-1.0706426,1.0,59100.0,0.52
1182,0.84995574,0.10612017,0.20539923,0.11411201,11830.0,-0.52741826,1.0,59150.0,0.66
1183,0.8499627,0.10611684,0.20539626,0.1141116,11840.0,-1.1212527,1.0,59200.0,0.54
1184,0.8499582,0.10611262,0.20539966,0.114125825,11850.0,-0.84664404,1.0,59250.0,0.72
1185,0.8499589,0.10611493,0.20539604,0.11413738,11860.0,-0.76644564,1.0,59300.0,0.52
1186,0.84995764,0.10610971,0.20539713,0.114130504,11870.0,-1.157467,1.0,59350.0,0.7
1187,0.8499599,0.106110014,0.2053977,0.11413724,11880.0,-1.2597611,0.8,59400.0,0.52
1188,0.8499558,0.10610429,0.20540659,0.114124596,11890.0,-1.0689857,1.0,59450.0,0.44
1189,0.84995764,0.10610407,0.20541361,0.11413633,11900.0,-1.0441446,1.0,59500.0,0.52
1190,0.8499618,0.1061004,0.20541544,0.11412706,11910.0,-0.7169734,1.0,59550.0,0.52
1191,0.84995866,0.106098555,0.2054183,0.11413902,11920.0,-1.083939,0.9,59600.0,0.52
1192,0.84995484,0.1061177,0.20541793,0.114158124,11930.0,-0.742871,1.0,59650.0,0.36
1193,0.84995294,0.10610489,0.20541291,0.11416039,11940.0,-0.68112457,1.0,59700.0,0.58
1194,0.8499503,0.10610101,0.2054138,0.11415414,11950.0,-1.356598,0.8,59750.0,0.56
1195,0.8499487,0.106094144,0.20541568,0.11414505,11960.0,-1.6864679,1.0,59800.0,0.62
1196,0.8499519,0.10608116,0.20541444,0.11412645,11970.0,-0.47724134,1.0,59850.0,0.56
1197,0.8499606,0.10607617,0.20541888,0.11412833,11980.0,-0.60689294,1.0,59900.0,0.54
1198,0.8499646,0.10607731,0.20541981,0.11412224,11990.0,-1.3820252,0.9,59950.0,0.58
1199,0.849967,0.10607808,0.20542268,0.11410874,12000.0,-1.1795638,1.0,60000.0,0.48
